month,cpi_all_items,cat_food,cat_alcohol_tobacco,cat_clothing,cat_housing,cat_furniture,cat_health,cat_transport,cat_communication,cat_recreation,cat_education,cat_restaurants,cat_misc,cpi_all_items_yoy_inflation,cat_food_yoy_inflation,cat_alcohol_tobacco_yoy_inflation,cat_clothing_yoy_inflation,cat_housing_yoy_inflation,cat_furniture_yoy_inflation,cat_health_yoy_inflation,cat_transport_yoy_inflation,cat_communication_yoy_inflation,cat_recreation_yoy_inflation,cat_education_yoy_inflation,cat_restaurants_yoy_inflation,cat_misc_yoy_inflation
2005-01-01,77.0,71.0,62.1,121.7,62.5,81.9,74.7,72.2,87.7,98.8,39.9,72.8,81.6,1.58311345646438,0.4243281471004279,2.4752475247524774,-5.877803557617945,5.932203389830515,-0.4860267314702238,2.4691358024691246,2.8490028490028463,-2.3385300668151365,-0.3027245206861706,5.000000000000004,2.970297029702973,3.5532994923857864
2005-02-01,77.2,71.5,62.4,121.6,62.6,82.3,74.8,72.9,87.9,98.3,39.9,73.0,81.6,1.5789473684210575,0.8462623413258097,2.970297029702973,-5.736434108527133,5.922165820642977,-1.081730769230771,2.7472527472527375,3.2577903682719622,-2.765486725663713,-0.7070707070707116,5.000000000000004,3.1073446327683607,3.4220532319391594
2005-03-01,77.5,72.1,62.0,122.5,62.8,83.7,74.8,73.4,87.8,98.3,39.9,73.2,81.8,1.8396846254927768,1.6925246826515972,2.1416803953871355,-5.112316034082099,5.90219224283306,0.0,2.6063100137174056,3.966005665722405,-2.983425414364649,-0.7070707070707116,5.000000000000004,2.9535864978903037,3.544303797468351
2005-04-01,77.8,71.4,62.8,122.0,64.1,82.5,75.3,73.8,87.9,98.8,39.9,73.8,82.2,1.8324607329842868,0.990099009900991,2.113821138211369,-5.2795031055900665,6.47840531561461,-1.0791366906474864,2.7285129604365688,3.797468354430378,-3.300330033003296,-0.6036217303822977,5.000000000000004,3.361344537815114,4.1825095057034245
2005-05-01,78.1,71.9,63.0,122.1,64.2,83.2,75.5,74.6,87.5,98.5,39.9,74.0,82.3,1.9582245430809442,1.4104372355430161,2.2727272727272707,-5.42215336948102,6.467661691542292,-0.952380952380949,2.8610354223433054,3.4674063800277377,-3.6343612334801767,-0.6054490413723412,5.000000000000004,3.3519553072625774,4.30925221799745
2005-06-01,78.1,71.9,63.1,121.7,64.3,83.4,75.5,74.6,87.7,98.4,39.9,74.1,82.5,1.9582245430809442,2.130681818181812,2.4350649350649345,-4.773082942097018,6.4569536423841,-0.5959475566150174,2.7210884353741527,3.32409972299168,-2.879291251384264,-1.1055276381909507,5.000000000000004,3.203342618384397,4.695431472081224
2005-07-01,78.2,71.1,63.2,116.7,64.6,82.6,76.1,76.5,87.0,97.9,39.9,74.3,83.2,2.3560209424083656,1.716738197424883,2.1001615508885463,-4.812398042414346,6.776859504132227,0.48661800486617945,3.3967391304347894,4.651162790697683,-2.5755879059350506,-1.4098690835850913,5.000000000000004,3.3379694019471273,5.183312262958295
2005-08-01,78.4,71.2,63.2,118.7,64.5,82.7,76.3,77.4,87.4,97.4,39.9,74.6,83.3,2.349869451697151,2.152080344332852,1.9354838709677358,-4.4283413848631215,6.260296540362442,0.1210653753026758,3.6684782608695787,5.449591280653943,-2.127659574468077,-2.012072434607648,5.000000000000004,3.6111111111110983,5.044136191677184
2005-09-01,78.6,71.3,63.1,120.7,64.8,83.3,76.2,76.6,87.3,97.7,40.7,74.8,83.5,2.4771838331160145,2.0028612303290227,1.4469453376205754,-5.333333333333334,6.578947368421062,-0.23952095808383866,3.112313937753708,5.947441217150762,-1.1325028312570762,-1.611278952668671,4.6272493573264795,3.7447988904299567,5.031446540880502
2005-10-01,78.7,71.1,63.3,120.8,65.4,82.6,76.4,76.4,87.1,97.8,41.8,75.0,83.9,2.3407022106632036,1.571428571428557,1.9323671497584405,-5.25490196078432,6.514657980456029,-0.24154589371980784,2.96495956873315,5.817174515235468,-1.5819209039548032,-1.5105740181268867,4.761904761904767,3.734439834024905,4.2236024844720665
2005-11-01,78.7,71.6,63.3,121.5,65.8,83.5,76.4,75.2,87.1,97.6,41.8,75.1,84.0,2.207792207792214,1.7045454545454364,2.4271844660194164,-5.078125,6.64505672609399,0.0,2.826379542395707,4.155124653739617,-1.2471655328798237,-1.5136226034308753,4.761904761904767,3.5862068965517135,4.218362282878418
2005-12-01,78.9,72.0,63.0,121.0,66.1,85.4,75.9,75.4,87.0,97.6,41.8,75.2,84.1,1.9379844961240345,1.6949152542372836,2.4390243902439046,-4.196357878068091,6.4412238325281646,0.0,2.429149797570873,2.7247956403269713,-0.9111617312072884,-1.7119838872104776,4.761904761904767,3.43878954607979,4.2131350681536395
2006-01-01,78.5,71.8,63.5,116.0,66.4,81.3,76.4,75.8,88.2,96.8,41.8,75.3,84.5,1.9480519480519431,1.1267605633802802,2.254428341384851,-4.683648315529998,6.240000000000001,-0.7326007326007411,2.27576974564927,4.986149584487531,0.5701254275940704,-2.0242914979757054,4.761904761904767,3.434065934065944,3.5539215686274606
2006-02-01,78.8,72.2,63.4,115.9,66.6,81.9,76.5,75.9,88.3,97.5,41.8,75.5,84.6,2.072538860103612,0.9790209790209836,1.6025641025640969,-4.687499999999989,6.38977635782747,-0.4860267314702238,2.2727272727272707,4.115226337448563,0.4550625711035261,-0.8138351983723258,4.761904761904767,3.424657534246567,3.6764705882353033
2006-03-01,78.9,71.8,63.6,116.7,67.2,83.3,76.4,76.0,88.2,97.0,41.8,75.8,84.8,1.806451612903226,-0.4160887656033285,2.580645161290329,-4.734693877551022,7.006369426751591,-0.4778972520908087,2.1390374331550888,3.542234332425065,0.4555808656036442,-1.322482197355035,4.761904761904767,3.5519125683060038,3.667481662591676
2006-04-01,79.4,71.7,64.3,116.6,69.0,81.9,77.4,77.1,88.2,97.2,41.8,76.0,85.5,2.0565552699228995,0.42016806722688926,2.3885350318471277,-4.426229508196721,7.644305772230897,-0.7272727272727209,2.788844621513964,4.471544715447151,0.34129692832765013,-1.6194331983805599,4.761904761904767,2.981029810298108,4.014598540145986
2006-05-01,79.9,72.7,64.4,117.5,70.0,82.5,77.7,77.5,87.2,97.0,41.8,76.4,85.7,2.3047375160051287,1.112656467315709,2.2222222222222365,-3.7674037674037653,9.034267912772576,-0.8413461538461564,2.9139072847682135,3.887399463806984,-0.34285714285714475,-1.5228426395939132,4.761904761904767,3.2432432432432545,4.131227217496969
2006-06-01,80.1,73.2,65.1,116.9,70.6,83.3,77.6,77.5,87.5,96.8,41.8,76.5,86.1,2.5608194622279035,1.8080667593880273,3.1695721077654504,-3.9441248972884146,9.797822706065308,-0.11990407673861947,2.7814569536423805,3.887399463806984,-0.22805017103763037,-1.6260162601626105,4.761904761904767,3.238866396761142,4.363636363636347
2006-07-01,80.0,73.3,65.0,111.5,71.0,81.5,78.0,79.0,87.3,96.5,41.8,76.7,86.2,2.3017902813299296,3.0942334739803234,2.848101265822778,-4.455869751499575,9.90712074303406,-1.3317191283292895,2.4967148488830526,3.267973856209161,0.34482758620688614,-1.430030643513791,4.761904761904767,3.2301480484522305,3.605769230769229
2006-08-01,80.4,73.7,65.3,114.1,71.3,82.3,78.3,79.3,86.7,96.5,41.8,76.8,86.5,2.5510204081632626,3.51123595505618,3.322784810126578,-3.875315922493694,10.542635658914733,-0.48367593712213,2.6212319790301475,2.454780361757103,-0.8009153318077833,-0.9240246406570951,4.761904761904767,2.9490616621983934,3.8415366146458574
2006-09-01,80.5,74.1,65.2,116.5,71.7,83.6,78.4,77.1,87.1,96.7,43.6,77.0,86.8,2.4173027989822016,3.9270687237026536,3.3280507131537185,-3.479701739850871,10.648148148148163,0.36014405762303525,2.8871391076115582,0.6527415143603221,-0.22909507445589838,-1.0235414534288667,7.125307125307123,2.941176470588247,3.952095808383227
2006-10-01,80.6,74.5,65.3,116.8,72.4,82.3,78.8,76.0,87.8,96.7,47.6,77.3,87.0,2.414231257941535,4.781997187060494,3.159557661927326,-3.31125827814569,10.7033639143731,-0.363196125907983,3.141361256544495,-0.5235602094240899,0.8036739380022917,-1.1247443762781084,13.87559808612442,3.066666666666662,3.694874851013097
2006-11-01,80.8,75.2,65.0,117.6,73.1,83.1,78.8,75.7,87.7,96.9,47.6,77.5,87.0,2.668360864040653,5.027932960893877,2.6856240126382325,-3.2098765432098775,11.094224924012153,-0.4790419161676662,3.141361256544495,0.6648936170212671,0.6888633754305484,-0.7172131147540894,13.87559808612442,3.1957390146471365,3.571428571428581
2006-12-01,81.3,75.3,64.8,116.0,73.6,85.9,78.9,77.0,87.4,97.3,47.6,77.6,86.9,3.041825095057016,4.583333333333339,2.857142857142847,-4.1322314049586755,11.346444780635402,0.5854800936768045,3.9525691699604737,2.1220159151193574,0.45977011494253706,-0.30737704918032405,13.87559808612442,3.1914893617021267,3.3293697978596937
2007-01-01,80.6,74.6,65.7,111.2,73.9,81.7,79.3,76.5,86.6,96.5,47.6,77.8,87.1,2.675159235668789,3.899721448467952,3.464566929133861,-4.137931034482756,11.295180722891573,0.49200492004921603,3.795811518324599,0.923482849604218,-1.8140589569161092,-0.30991735537190257,13.87559808612442,3.3200531208499307,3.076923076923066
2007-02-01,81.0,75.4,66.1,111.1,74.0,82.8,79.4,77.0,85.8,96.5,47.6,78.0,87.6,2.7918781725888353,4.432132963988922,4.258675078864349,-4.141501294219163,11.111111111111116,1.098901098901095,3.790849673202623,1.4492753623188248,-2.8312570781426905,-1.025641025641022,13.87559808612442,3.31125827814569,3.546099290780136
2007-03-01,81.4,75.8,66.4,112.2,73.9,85.5,79.3,77.2,85.8,96.4,47.6,78.4,88.0,3.168567807351086,5.571030640668528,4.402515723270439,-3.8560411311054033,9.970238095238093,2.6410564225690214,3.795811518324599,1.5789473684210575,-2.7210884353741527,-0.6185567010309256,13.87559808612442,3.4300791556728383,3.7735849056603765
2007-04-01,81.6,76.0,67.3,113.3,74.4,83.7,79.8,78.2,85.0,96.4,47.6,78.8,87.6,2.7707808564231495,5.997210599721048,4.665629860031095,-2.8301886792452824,7.826086956521738,2.19780219780219,3.100775193798433,1.4267185473411326,-3.6281179138322073,-0.8230452674897082,13.87559808612442,3.6842105263157787,2.4561403508771784
2007-05-01,81.8,76.3,67.1,113.3,74.0,84.6,80.1,79.5,84.5,96.2,47.6,79.1,87.6,2.3779724655819567,4.951856946354871,4.192546583850909,-3.574468085106386,5.714285714285716,2.5454545454545396,3.0888030888030826,2.580645161290329,-3.096330275229364,-0.8247422680412342,13.87559808612442,3.5340314136125484,2.2170361726954413
2007-06-01,82.0,76.7,67.3,113.1,73.6,86.5,80.3,80.0,84.1,95.7,47.6,79.3,87.6,2.372034956304625,4.781420765027322,3.3794162826420893,-3.2506415739948724,4.249291784702547,3.8415366146458574,3.479381443298979,3.2258064516129004,-3.8857142857142923,-1.1363636363636354,13.87559808612442,3.6601307189542354,1.7421602787456525
2007-07-01,81.5,75.4,67.2,108.6,73.5,82.9,80.6,80.9,82.9,95.2,47.6,79.5,87.9,1.8750000000000044,2.8649386084584005,3.384615384615386,-2.600896860986557,3.5211267605633756,1.717791411042957,3.3333333333333215,2.4050632911392533,-5.040091638029775,-1.3471502590673534,13.87559808612442,3.650586701434144,1.9721577726218076
2007-08-01,81.8,75.9,67.3,110.1,73.3,83.3,80.8,81.4,85.0,95.6,47.6,79.6,87.5,1.741293532338295,2.9850746268656803,3.0627871362940207,-3.505696757230503,2.8050490883590573,1.2150668286755817,3.1928480204342247,2.648171500630525,-1.9607843137254943,-0.9326424870466421,13.87559808612442,3.645833333333326,1.1560693641618602
2007-09-01,81.9,76.8,67.4,111.8,73.3,84.8,81.0,79.2,84.5,95.8,49.6,79.8,87.6,1.7391304347826209,3.6437246963562764,3.3742331288343586,-4.034334763948499,2.231520223152006,1.4354066985645897,3.316326530612246,2.723735408560324,-2.985074626865669,-0.9307135470527417,13.761467889908264,3.6363636363636376,0.9216589861751112
2007-10-01,82.3,78.0,67.1,111.8,73.5,83.8,81.4,79.9,84.2,95.8,53.8,80.0,88.2,2.109181141439209,4.697986577181212,2.7565084226646164,-4.28082191780822,1.5193370165745845,1.8226002430133725,3.2994923857868175,5.13157894736842,-4.100227790432798,-0.9307135470527417,13.025210084033612,3.4928848641655907,1.379310344827589
2007-11-01,82.5,78.7,66.9,112.4,73.7,84.5,81.2,80.1,84.2,95.8,53.8,80.1,88.3,2.103960396039617,4.654255319148937,2.9230769230769393,-4.421768707482987,0.8207934336525335,1.6847172081829287,3.0456852791878264,5.812417437252293,-3.9908779931584926,-1.1351909184726616,13.025210084033612,3.35483870967741,1.4942528735632177
2007-12-01,83.0,79.4,66.5,111.5,73.7,86.6,81.4,81.4,84.1,96.1,53.8,80.3,88.5,2.091020910209096,5.4448871181939085,2.6234567901234573,-3.879310344827591,0.13586956521740579,0.814901047729899,3.168567807351086,5.714285714285716,-3.775743707093837,-1.2332990750256956,13.025210084033612,3.479381443298979,1.8411967779056404
2008-01-01,82.4,79.2,67.2,105.8,74.2,83.1,81.8,81.4,83.8,95.2,53.8,80.3,88.4,2.2332506203474045,6.166219839142095,2.2831050228310446,-4.856115107913672,0.4059539918809252,1.7135862913096656,3.1525851197982346,6.405228758169934,-3.23325635103926,-1.3471502590673534,13.025210084033612,3.2133676092545027,1.4925373134328401
2008-02-01,83.0,79.6,68.0,105.9,76.6,84.2,81.9,81.7,82.5,95.4,53.8,80.6,88.7,2.4691358024691468,5.570291777188308,2.874432677760974,-4.680468046804675,3.5135135135135,1.6908212560386549,3.148614609571787,6.1038961038961,-3.8461538461538436,-1.1398963730569922,13.025210084033612,3.3333333333333215,1.255707762557079
2008-03-01,83.4,79.9,68.0,106.3,76.8,86.0,82.1,82.6,82.3,95.0,53.8,80.9,89.1,2.4570024570024662,5.408970976253302,2.409638554216853,-5.2584670231729085,3.9242219215155583,0.5847953216374213,3.5308953341740112,6.994818652849721,-4.0792540792540795,-1.4522821576763545,13.025210084033612,3.1887755102040893,1.2499999999999956
2008-04-01,84.0,80.9,70.1,106.2,78.4,84.9,82.4,83.0,82.5,95.4,53.8,81.9,89.7,2.941176470588247,6.447368421052646,4.160475482912318,-6.266548984995579,5.376344086021501,1.433691756272415,3.2581453634085378,6.13810741687979,-2.941176470588236,-1.0373443983402453,13.025210084033612,3.934010152284273,2.3972602739726234
2008-05-01,84.6,82.3,70.4,106.1,78.6,86.0,82.5,84.4,82.4,95.4,53.8,82.2,89.8,3.4229828850855792,7.8636959370904425,4.918032786885274,-6.354810238305387,6.216216216216219,1.654846335697413,2.9962546816479474,6.163522012578615,-2.485207100591713,-0.8316008316008316,13.025210084033612,3.9190897597977337,2.511415525114158
2008-06-01,85.2,84.0,70.4,104.6,78.7,88.0,82.7,85.8,83.0,95.7,53.8,82.4,90.0,3.9024390243902474,9.51760104302477,4.606240713224374,-7.515473032714414,6.929347826086962,1.7341040462427681,2.9887920298879322,7.250000000000001,-1.3079667063020106,0.0,13.025210084033612,3.9092055485498323,2.7397260273972712
2008-07-01,85.1,84.7,70.1,101.3,79.1,85.2,83.3,87.4,82.3,95.1,53.8,82.7,90.3,4.417177914110426,12.334217506631283,4.315476190476186,-6.721915285451196,7.619047619047614,2.7744270205066313,3.3498759305210957,8.034610630407911,-0.7237635705669598,-0.10504201680673342,13.025210084033612,4.025157232704402,2.7303754266211566
2008-08-01,85.7,85.8,70.3,102.7,80.7,85.9,83.4,87.3,82.5,95.4,53.8,82.8,90.4,4.767726161369201,13.043478260869556,4.457652303120363,-6.721162579473194,10.095497953615284,3.1212484993997647,3.2178217821782207,7.248157248157239,-2.941176470588236,-0.20920502092048876,13.025210084033612,4.020100502512558,3.314285714285714
2008-09-01,86.1,85.5,70.2,104.9,84.3,87.3,83.4,85.2,82.3,96.0,55.0,83.2,90.6,5.12820512820511,11.328125,4.154302670623133,-6.171735241502674,15.006821282401095,2.948113207547176,2.9629629629629672,7.575757575757569,-2.6035502958579926,0.20876826722338038,10.88709677419355,4.260651629072698,3.424657534246567
2008-10-01,85.9,85.9,70.1,104.3,84.6,86.4,83.5,83.3,82.3,95.6,58.4,83.4,90.8,4.374240583232081,10.128205128205137,4.470938897168408,-6.708407871198574,15.102040816326511,3.1026252983293645,2.5798525798525818,4.255319148936154,-2.256532066508321,-0.20876826722338038,8.550185873605942,4.249999999999998,2.947845804988658
2008-11-01,85.8,87.1,69.5,104.3,84.6,87.0,84.0,81.2,82.9,95.7,58.4,83.4,91.2,4.0000000000000036,10.673443456162634,3.886397608370684,-7.206405693950179,14.78968792401627,2.9585798816567976,3.4482758620689724,1.3732833957553092,-1.5439429928741033,-0.10438413361169019,8.550185873605942,4.119850187265928,3.28425821064553
2008-12-01,85.5,87.7,69.4,100.0,84.3,87.3,83.2,81.6,81.2,94.9,58.4,83.2,90.8,3.0120481927710774,10.453400503778344,4.360902255639099,-10.313901345291477,14.382632293080055,0.8083140877598094,2.211302211302213,0.24570024570023108,-3.44827586206895,-1.2486992715920797,8.550185873605942,3.611457036114585,2.598870056497171
2009-01-01,84.9,87.3,70.8,95.2,84.3,84.9,83.6,79.8,82.1,94.6,58.4,83.2,91.1,3.033980582524265,10.22727272727273,5.357142857142838,-10.018903591682415,13.611859838274931,2.166064981949467,2.2004889975550057,-1.9656019656019708,-2.028639618138428,-0.630252100840345,8.550185873605942,3.611457036114585,3.054298642533926
2009-02-01,85.6,88.7,71.8,96.0,84.3,87.0,83.8,80.6,81.9,95.7,58.4,83.5,91.5,3.1325301204819134,11.43216080402012,5.588235294117649,-9.348441926345618,10.052219321148836,3.325415676959609,2.3199023199023117,-1.34638922888618,-0.7272727272727209,0.3144654088050203,8.550185873605942,3.5980148883374863,3.1567080045095786
2009-03-01,85.8,88.3,72.0,97.0,83.4,88.8,84.0,81.0,81.7,95.8,58.4,83.7,91.8,2.877697841726601,10.513141426783479,5.882352941176472,-8.748824082784568,8.593750000000021,3.2558139534883734,2.3142509135201106,-1.937046004842613,-0.7290400972053357,0.8421052631578885,8.550185873605942,3.4610630407911014,3.0303030303030276
2009-04-01,86.0,87.9,72.1,97.2,83.3,87.9,84.6,82.3,83.5,95.9,58.4,83.9,91.8,2.3809523809523725,8.652657601977754,2.853067047075597,-8.47457627118644,6.249999999999978,3.5335689045936425,2.669902912621347,-0.8433734939759074,1.21212121212122,0.524109014675056,8.550185873605942,2.4420024420024333,2.341137123745818
2009-05-01,86.4,88.7,73.2,97.6,82.9,88.8,84.6,83.5,83.5,96.2,58.4,84.2,91.9,2.1276595744680993,7.776427703523692,3.9772727272727293,-8.01131008482564,5.4707379134860235,3.2558139534883734,2.5454545454545396,-1.0663507109004766,1.3349514563106624,0.8385744234800763,8.550185873605942,2.4330900243308973,2.3385300668151476
2009-06-01,86.7,88.5,72.7,96.1,83.1,89.7,84.8,84.7,83.5,96.8,58.4,84.3,91.8,1.760563380281699,5.35714285714286,3.2670454545454586,-8.126195028680694,5.5908513341804245,1.931818181818179,2.539298669891177,-1.2820512820512775,0.6024096385542244,1.1494252873563093,8.550185873605942,2.305825242718429,2.0000000000000018
2009-07-01,86.7,88.2,72.9,93.1,83.2,87.3,85.4,86.1,83.5,97.0,58.4,84.4,92.2,1.8801410105758087,4.132231404958686,3.9942938659058624,-8.094768015794674,5.183312262958295,2.464788732394352,2.521008403361358,-1.4874141876430325,1.4580801944106936,1.9978969505783484,8.550185873605942,2.055622732769047,2.1040974529346723
2009-08-01,87.0,87.6,73.2,94.2,83.3,88.5,85.8,87.5,83.5,97.2,58.4,84.5,92.3,1.516919486581103,2.0979020979021046,4.125177809388347,-8.276533592989288,3.2218091697645557,3.026775320139685,2.877697841726601,0.22909507445589838,1.21212121212122,1.8867924528301883,8.550185873605942,2.0531400966183666,2.101769911504414
2009-09-01,87.1,86.8,73.2,97.6,83.3,89.9,86.0,86.2,83.2,97.4,59.5,84.5,92.4,1.1614401858304202,1.5204678362572999,4.2735042735042805,-6.959008579599624,-1.1862396204033177,2.978235967926701,3.1175059952038398,1.1737089201877993,1.0935601458080368,1.4583333333333393,8.18181818181818,1.5625,1.9867549668874274
2009-10-01,87.2,87.7,73.1,97.2,83.5,89.2,86.4,86.3,84.5,97.5,61.5,84.7,92.0,1.5133876600698537,2.0954598370197974,4.279600570613407,-6.807286673058477,-1.3002364066193817,3.240740740740744,3.473053892215572,3.6014405762304857,2.6731470230862753,1.987447698744771,5.308219178082196,1.5587529976019088,1.3215859030837107
2009-11-01,87.5,88.2,72.6,97.8,83.5,90.0,86.2,86.8,84.2,97.7,61.5,84.8,92.2,1.9813519813519864,1.2629161882893314,4.460431654676245,-6.232023010546506,-1.3002364066193817,3.4482758620689724,2.619047619047632,6.896551724137923,1.5681544028950611,2.0898641588296796,5.308219178082196,1.6786570743405171,1.0964912280701844
2009-12-01,88.0,89.1,72.5,96.5,83.6,92.0,85.8,88.7,84.3,97.7,61.5,84.7,92.5,2.923976608187129,1.5963511972633793,4.466858789625361,-3.500000000000003,-0.8303677342823335,5.383734249713634,3.125,8.700980392156875,3.817733990147776,2.950474183350882,5.308219178082196,1.8028846153846256,1.8722466960352513
2010-01-01,87.8,88.9,75.2,91.0,84.0,89.2,86.7,88.5,85.4,98.0,61.5,85.0,92.9,3.415783274440498,1.8327605956472093,6.214689265536721,-4.4117647058823595,-0.3558718861209953,5.064782096584208,3.7081339712918826,10.902255639097746,4.0194884287454435,3.594080338266381,5.308219178082196,2.163461538461542,1.975850713501659
2010-02-01,88.2,89.9,74.9,92.8,83.4,90.1,86.6,89.1,85.6,98.0,61.5,85.5,93.0,3.0373831775700966,1.3528748590755368,4.317548746518107,-3.3333333333333326,-1.0676156583629748,3.563218390804601,3.341288782816232,10.545905707196024,4.517704517704502,2.4033437826541215,5.308219178082196,2.39520958083832,1.6393442622950838
2010-03-01,88.7,90.1,75.5,94.5,83.5,91.6,86.7,90.1,85.7,98.2,61.5,85.8,93.1,3.379953379953382,2.0385050962627327,4.861111111111116,-2.577319587628868,0.11990407673860837,3.153153153153143,3.214285714285725,11.23456790123456,4.89596083231334,2.5052192066805867,5.308219178082196,2.508960573476693,1.4161220043573008
2010-04-01,89.2,90.4,77.1,96.6,83.4,90.1,86.8,91.3,88.2,98.3,61.5,86.3,93.9,3.7209302325581506,2.8441410693970326,6.934812760055475,-0.6172839506172978,0.12004801920768582,2.5028441410693825,2.6004728132387633,10.93560145808019,5.628742514970053,2.502606882168923,5.308219178082196,2.8605482717520836,2.2875816993464193
2010-05-01,89.4,90.3,77.0,96.9,83.5,91.2,86.8,91.9,87.9,98.1,61.5,86.6,94.0,3.472222222222232,1.8038331454340417,5.191256830601088,-0.7172131147540894,0.7237635705669376,2.7027027027027195,2.6004728132387633,10.059880239520957,5.269461077844317,1.9750519750519668,5.308219178082196,2.8503562945368044,2.285092491838947
2010-06-01,89.5,90.2,76.7,94.8,83.5,91.8,87.0,92.2,88.9,98.6,61.5,86.8,94.6,3.2295271049596286,1.9209039548022666,5.502063273727642,-1.3527575442247586,0.48134777376656057,2.341137123745818,2.594339622641506,8.854781582054304,6.4670658682634885,1.8595041322313932,5.308219178082196,2.9655990510083052,3.05010893246187
2010-07-01,89.3,91.1,76.7,90.1,83.6,90.1,87.7,92.9,88.9,98.3,61.5,86.9,94.1,2.998846597462501,3.287981859410416,5.212620027434833,-3.222341568206233,0.48076923076922906,3.2073310423825774,2.693208430913341,7.897793263646946,6.4670658682634885,1.3402061855670055,5.308219178082196,2.962085308056861,2.060737527114953
2010-08-01,89.8,91.2,76.6,92.6,83.6,91.0,88.1,94.1,88.2,98.5,61.5,87.0,94.5,3.218390804597693,4.109589041095907,4.644808743169393,-1.6985138004246392,0.36014405762303525,2.824858757062154,2.680652680652673,7.54285714285714,5.628742514970053,1.337448559670773,5.308219178082196,2.9585798816567976,2.383531960996743
2010-09-01,89.8,91.3,77.0,98.5,83.7,92.6,88.3,90.9,86.9,98.4,63.3,87.2,94.8,3.0998851894374235,5.184331797235031,5.191256830601088,0.9221311475409832,0.4801920768307433,3.0033370411568283,2.674418604651163,5.4524361948955935,4.447115384615397,1.0266940451745477,6.386554621848739,3.1952662721893565,2.5974025974025983
2010-10-01,90.0,91.7,77.7,97.9,83.9,91.7,88.9,91.3,87.8,99.0,64.7,87.4,94.8,3.2110091743119185,4.561003420752563,6.29274965800275,0.7201646090535085,0.47904191616767733,2.8026905829596327,2.893518518518512,5.793742757821563,3.905325443786989,1.538461538461533,5.203252032520322,3.1877213695395534,3.04347826086957
2010-11-01,90.3,93.1,77.4,99.8,84.1,93.2,88.7,91.2,87.5,98.7,64.7,87.5,94.8,3.200000000000003,5.555555555555536,6.611570247933907,2.0449897750511203,0.7185628742514938,3.5555555555555562,2.9002320185614883,5.069124423963145,3.9192399049881255,1.0235414534288667,5.203252032520322,3.1839622641509413,2.819956616052055
2010-12-01,91.2,94.6,76.7,97.9,85.3,94.3,88.6,94.5,87.2,99.2,64.7,87.7,95.2,3.6363636363636376,6.172839506172845,5.79310344827586,1.4507772020725396,2.0334928229665206,2.499999999999991,3.263403263403264,6.5388951521984096,3.4400948991696323,1.535312180143289,5.203252032520322,3.541912632821731,2.9189189189189113
2011-01-01,91.3,94.5,80.2,92.2,85.8,92.6,89.2,95.4,88.4,99.0,64.7,88.9,94.9,3.9863325740318922,6.299212598425186,6.64893617021276,1.318681318681314,2.1428571428571352,3.811659192825112,2.8835063437139485,7.796610169491536,3.512880562060894,1.0204081632652962,5.203252032520322,4.5882352941176485,2.152852529601712
2011-02-01,92.0,95.5,79.4,95.5,86.0,93.8,89.0,96.2,89.5,99.3,64.7,89.3,95.5,4.308390022675734,6.229143492769729,6.008010680907883,2.909482758620685,3.1175059952038398,4.106548279689237,2.771362586605086,7.968574635241321,4.556074766355156,1.3265306122449028,5.203252032520322,4.444444444444451,2.6881720430107503
2011-03-01,92.2,94.2,79.8,96.5,86.4,95.4,89.6,97.3,89.4,98.9,64.7,89.5,95.7,3.945885005636973,4.550499445061051,5.695364238410594,2.1164021164021163,3.473053892215572,4.148471615720539,3.344867358708181,7.991120976692567,4.3173862310385,0.7128309572301372,5.203252032520322,4.312354312354305,2.7926960257787403
2011-04-01,93.2,94.3,84.0,97.8,87.1,94.7,90.3,100.0,90.4,99.1,64.7,90.0,95.8,4.484304932735417,4.31415929203538,8.949416342412464,1.2422360248447228,4.436450839328532,5.105438401775819,4.0322580645161255,9.5290251916758,2.4943310657596474,0.8138351983723258,5.203252032520322,4.2873696407879525,2.0234291799786863
2011-05-01,93.4,95.5,84.5,98.1,87.1,95.1,90.2,99.3,91.2,99.0,64.7,90.5,96.4,4.4742729306487705,5.75858250276855,9.740259740259738,1.238390092879249,4.311377245508985,4.2763157894736725,3.9170506912442393,8.05223068552774,3.754266211604085,0.9174311926605672,5.203252032520322,4.503464203233265,2.553191489361706
2011-06-01,93.3,96.5,84.0,96.3,87.1,95.5,90.2,99.6,90.4,98.1,64.7,90.6,96.4,4.245810055865928,6.984478935698446,9.51760104302477,1.5822784810126667,4.311377245508985,4.030501089324612,3.67816091954023,8.026030368763548,1.6872890888638858,-0.5070993914807254,5.203252032520322,4.377880184331784,1.902748414376343
2011-07-01,93.3,96.7,84.6,92.9,87.4,94.4,90.7,100.1,91.1,98.1,64.7,90.8,96.7,4.4792833146696465,6.147091108671798,10.2998696219035,3.1076581576026774,4.545454545454564,4.7724750277469585,3.420752565564422,7.750269106566177,2.474690663667034,-0.20345879959308144,5.203252032520322,4.487917146144982,2.763018065887368
2011-08-01,93.8,96.9,84.1,96.3,87.9,96.3,91.1,101.1,91.2,97.7,64.7,91.0,97.1,4.454342984409809,6.25,9.791122715404699,3.995680345572361,5.143540669856472,5.824175824175826,3.4052213393870545,7.438894792773643,3.401360544217691,-0.8121827411167515,5.203252032520322,4.597701149425282,2.751322751322749
2011-09-01,94.4,97.1,84.7,100.6,90.9,97.5,91.4,99.0,92.1,97.8,66.2,91.3,97.1,5.1224944320712895,6.352683461117192,10.000000000000009,2.131979695431463,8.602150537634401,5.291576673866105,3.5107587768969495,8.910891089108897,5.983889528193309,-0.6097560975609873,4.581358609794628,4.701834862385312,2.4261603375527407
2011-10-01,94.5,96.2,84.7,101.4,91.5,96.9,91.5,98.3,91.9,98.5,68.0,91.3,97.5,5.000000000000004,4.907306434023995,9.009009009009006,3.5750766087844665,9.058402860548265,5.670665212649939,2.924634420697414,7.667031763417298,4.66970387243737,-0.5050505050505083,5.1004636785162205,4.462242562929042,2.848101265822778
2011-11-01,94.6,96.8,84.9,102.6,91.8,97.9,91.6,97.7,91.8,98.2,68.0,91.5,97.5,4.761904761904767,3.9742212674543476,9.689922480620151,2.8056112224448926,9.155766944114152,5.04291845493563,3.2694475760991937,7.127192982456143,4.9142857142857155,-0.5065856129685908,5.1004636785162205,4.571428571428582,2.848101265822778
2011-12-01,95.1,98.1,83.7,99.7,92.0,98.8,91.4,99.9,93.0,98.5,68.0,91.6,97.7,4.2763157894736725,3.6997885835095223,9.126466753585394,1.8386108273748647,7.85463071512309,4.772004241781547,3.1602708803611934,5.714285714285716,6.65137614678899,-0.7056451612903247,5.1004636785162205,4.446978335233731,2.626050420168058
2012-01-01,94.6,97.8,85.2,94.8,92.2,96.6,92.1,99.2,92.7,98.5,68.0,91.6,97.7,3.6144578313253017,3.4920634920634797,6.234413965087282,2.819956616052055,7.459207459207473,4.3196544276457916,3.2511210762331766,3.98322851153039,4.864253393665163,-0.5050505050505083,5.1004636785162205,3.0371203599550034,2.950474183350882
2012-02-01,95.1,99.0,85.9,97.5,91.9,98.1,92.2,99.7,93.2,98.3,68.0,91.9,98.3,3.3695652173912904,3.664921465968596,8.18639798488665,2.0942408376963373,6.860465116279069,4.584221748400852,3.5955056179775235,3.63825363825363,4.134078212290504,-1.0070493454179208,5.1004636785162205,2.911534154535289,2.9319371727748678
2012-03-01,95.4,98.5,86.1,99.6,91.7,99.4,92.2,100.5,93.7,98.3,68.0,92.1,98.3,3.470715835141003,4.564755838641177,7.8947368421052655,3.2124352331606154,6.134259259259256,4.192872117400426,2.9017857142857206,3.288797533401855,4.809843400447433,-0.6066734074823166,5.1004636785162205,2.9050279329608797,2.7168234064785635
2012-04-01,96.0,98.4,88.6,99.8,92.6,98.2,93.1,101.7,94.1,98.7,68.0,93.0,98.4,3.0042918454935563,4.347826086956541,5.476190476190479,2.0449897750511203,6.3145809414466125,3.6958817317845893,3.100775193798455,1.7000000000000126,4.092920353982299,-0.4036326942482238,5.1004636785162205,3.3333333333333437,2.713987473903967
2012-05-01,95.9,98.7,88.6,99.7,92.5,98.8,93.1,100.9,94.9,98.3,68.0,93.4,98.5,2.676659528907921,3.350785340314144,4.852071005917158,1.6309887869520923,6.199770378874869,3.8906414300736047,3.2150776053214924,1.6112789526686822,4.057017543859653,-0.7070707070707116,5.1004636785162205,3.2044198895027742,2.178423236514515
2012-06-01,95.5,98.6,88.1,95.5,92.3,98.8,93.5,100.4,94.8,98.4,68.0,93.5,98.2,2.3579849946409492,2.1761658031087983,4.880952380952364,-0.8307372793354029,5.970149253731338,3.4554973821989465,3.658536585365857,0.8032128514056325,4.867256637168138,0.3058103975535298,5.1004636785162205,3.2008830022075108,1.8672199170124415
2012-07-01,95.6,98.8,88.7,93.0,92.7,97.8,93.5,101.5,95.1,98.5,68.0,93.7,98.3,2.4651661307609762,2.171664943123064,4.84633569739954,0.10764262648008671,6.0640732265446085,3.601694915254239,3.087100330760739,1.3986013986013957,4.390779363336983,0.4077471967380175,5.1004636785162205,3.19383259911894,1.6546018614270963
2012-08-01,96.1,99.0,88.9,95.7,92.8,98.5,93.5,102.8,95.2,98.3,68.0,93.8,98.6,2.452025586353934,2.1671826625387025,5.707491082045202,-0.6230529595015466,5.574516496018189,2.2845275181723856,2.634467618002212,1.6815034619188873,4.385964912280693,0.61412487205732,5.1004636785162205,3.076923076923066,1.5447991761071034
2012-09-01,96.5,99.0,89.9,100.1,92.9,99.1,93.6,101.5,95.2,98.9,68.3,94.0,99.3,2.2245762711864403,1.9567456230690006,6.139315230224329,-0.497017892644136,2.2002200220021972,1.6410256410256396,2.4070021881837933,2.5252525252525304,3.365906623235615,1.1247443762781195,3.1722054380664666,2.957283680175249,2.2657054582904346
2012-10-01,97.0,99.5,90.2,101.3,93.1,98.5,93.8,101.3,95.4,99.3,81.4,94.0,99.3,2.645502645502651,3.4303534303534278,6.493506493506485,-0.09861932938857176,1.7486338797814138,1.6511867905056654,2.5136612021857907,3.0518819938962327,3.80848748639826,0.8121827411167404,19.705882352941195,2.957283680175249,1.846153846153853
2012-11-01,97.2,100.6,89.7,101.9,93.7,98.4,93.8,100.3,95.2,99.2,81.4,94.5,99.7,2.748414376321362,3.9256198347107363,5.653710247349819,-0.6822612085769841,2.0697167755991286,0.5107252298263587,2.401746724890841,2.6612077789150312,3.70370370370372,1.0183299389002087,19.705882352941195,3.2786885245901676,2.2564102564102573
2012-12-01,97.6,101.8,88.7,100.4,95.5,99.6,93.9,101.0,95.0,99.2,81.4,94.5,99.7,2.628811777076767,3.771661569826712,5.973715651135003,0.7021063189568633,3.8043478260869623,0.809716599190291,2.7352297592997843,1.1011011011010874,2.1505376344086002,0.7106598984771617,19.705882352941195,3.1659388646288367,2.0470829068577334
2013-01-01,97.1,101.9,92.5,95.0,95.4,97.4,94.1,100.4,96.0,99.0,81.4,94.5,99.1,2.6427061310782207,4.192229038854811,8.568075117370899,0.21097046413502962,3.470715835141003,0.8281573498964967,2.1715526601520097,1.2096774193548487,3.5598705501618033,0.50761421319796,19.705882352941195,3.1659388646288367,1.4329580348003912
2013-02-01,97.8,102.6,92.0,96.9,95.9,98.8,94.1,101.6,96.9,99.5,81.4,94.8,99.2,2.8391167192429068,3.6363636363636376,7.101280558789291,-0.6153846153846065,4.3525571273123065,0.7135575942915473,2.060737527114953,1.9057171514543558,3.9699570815450613,1.2207527975584886,19.705882352941195,3.1556039173014083,0.9155645981688831
2013-03-01,98.1,102.2,91.6,99.2,95.9,99.6,94.3,102.2,96.9,100.1,81.4,95.0,99.4,2.8301886792452713,3.756345177664988,6.3879210220673555,-0.40160642570280514,4.580152671755733,0.2012072434607548,2.2776572668112838,1.691542288557213,3.415154749199578,1.831129196337744,19.705882352941195,3.148751357220414,1.1190233977619535
2013-04-01,98.3,102.9,93.7,99.2,96.5,98.3,95.4,101.6,97.1,100.1,81.4,95.4,99.5,2.3958333333333304,4.57317073170731,5.756207674943581,-0.6012024048096087,4.211663066954641,0.10183299389001643,2.470461868958118,-0.0983284169124965,3.188097768331555,1.4184397163120588,19.705882352941195,2.580645161290329,1.1178861788617933
2013-05-01,98.5,102.9,94.1,100.4,96.3,99.4,95.4,102.0,97.5,99.8,81.4,95.7,99.5,2.711157455683,4.255319148936176,6.207674943566599,0.7021063189568633,4.108108108108111,0.6072874493927127,2.470461868958118,1.090188305252715,2.739726027397249,1.5259409969481164,19.705882352941195,2.4625267665952855,1.0152284263959421
2013-06-01,98.3,102.4,93.8,98.5,96.4,98.9,95.4,102.1,97.5,99.6,81.4,95.8,99.7,2.9319371727748678,3.8539553752535705,6.469920544835417,3.141361256544495,4.442036836403052,0.10121457489880026,2.032085561497343,1.6932270916334646,2.848101265822778,1.21951219512193,19.705882352941195,2.4598930481283476,1.527494908350313
2013-07-01,98.3,102.6,94.4,95.3,96.7,97.9,96.0,103.0,97.7,99.2,81.4,96.0,99.8,2.8242677824267703,3.8461538461538325,6.426155580608794,2.473118279569886,4.31499460625675,0.10224948875257045,2.673796791443861,1.4778325123152802,2.733964248159837,0.7106598984771617,19.705882352941195,2.45464247598719,1.5259409969481164
2013-08-01,98.7,103.1,94.3,97.2,96.8,99.6,96.2,104.0,97.6,99.2,81.4,96.0,99.8,2.7055150884495394,4.141414141414135,6.074240719910007,1.5673981191222541,4.31034482758621,1.1167512690355208,2.887700534759352,1.1673151750972721,2.5210084033613356,0.9155645981688831,19.705882352941195,2.3454157782516027,1.2170385395537497
2013-09-01,99.1,103.2,94.7,101.2,96.9,99.8,96.4,102.6,97.7,99.8,83.0,96.4,100.2,2.694300518134707,4.2424242424242475,5.339265850945485,1.0989010989011172,4.305705059203446,0.7063572149344166,2.991452991453003,1.0837438423645374,2.626050420168058,0.9100101112234471,21.52269399707174,2.553191489361706,0.9063444108761365
2013-10-01,99.1,103.4,95.0,102.3,96.8,99.4,96.2,101.1,98.0,99.9,89.8,96.6,100.0,2.1649484536082397,3.9195979899497635,5.3215077605321515,0.9871668311944637,3.9742212674543476,0.9137055837563413,2.558635394456288,-0.19743336623889718,2.7253668763102645,0.6042296072507725,10.319410319410306,2.765957446808498,0.7049345417925457
2013-11-01,99.2,103.4,95.0,103.0,96.8,99.4,96.2,100.5,97.8,100.4,89.8,96.7,100.2,2.0576131687242816,2.7833001988071704,5.908584169453723,1.079489695780178,3.3084311632870733,1.0162601626016343,2.558635394456288,0.1994017946161497,2.73109243697478,1.2096774193548487,10.319410319410306,2.3280423280423346,0.5015045135406293
2013-12-01,99.6,103.8,93.8,102.1,99.0,101.1,96.3,101.5,98.2,99.9,89.8,96.7,100.0,2.049180327868849,1.9646365422396839,5.749718151071015,1.6932270916334646,3.664921465968596,1.5060240963855387,2.555910543130979,0.4950495049504955,3.368421052631576,0.7056451612903247,10.319410319410306,2.3280423280423346,0.30090270812437314
2014-01-01,99.0,103.9,96.7,96.6,98.9,98.0,96.9,100.9,98.7,99.4,89.8,96.6,99.7,1.9567456230690006,1.9627085377821318,4.540540540540539,1.684210526315777,3.6687631027253698,0.6160164271047153,2.9755579171094615,0.4980079681274896,2.8124999999999956,0.40404040404040664,10.319410319410306,2.2222222222222143,0.6054490413723634
2014-02-01,99.5,104.5,95.8,97.7,98.9,100.4,97.3,101.2,98.9,100.3,89.8,97.0,100.0,1.7382413087934534,1.85185185185186,4.130434782608683,0.8255933952528327,3.1282586027111536,1.619433198380582,3.4006376195536703,-0.393700787401563,2.063983488132104,0.8040201005025116,10.319410319410306,2.320675105485237,0.8064516129032251
2014-03-01,99.7,103.9,96.1,99.4,98.8,100.7,97.5,101.2,99.1,100.7,89.8,97.4,100.3,1.6309887869520923,1.6634050880626194,4.912663755458513,0.20161290322580072,3.023983315954104,1.1044176706827447,3.393425238600223,-0.9784735812133127,2.270381836945301,0.5994005994006013,10.319410319410306,2.5263157894736876,0.9054325955734299
2014-04-01,100.1,103.4,96.9,100.4,99.4,99.8,98.2,103.2,99.0,100.6,89.8,97.6,99.9,1.831129196337744,0.4859086491739495,3.415154749199578,1.2096774193548487,3.0051813471502653,1.5259409969481164,2.9350104821803003,1.5748031496063186,1.9567456230690006,0.4995004995004937,10.319410319410306,2.3060796645702153,0.4020100502512669
2014-05-01,100.0,102.3,98.4,100.3,99.4,100.3,98.3,102.5,98.5,101.0,89.8,97.9,99.8,1.522842639593902,-0.5830903790087549,4.56960680127525,-0.09960159362550902,3.2191069574247333,0.9054325955734299,3.039832285115285,0.4901960784313708,1.025641025641022,1.2024048096192397,10.319410319410306,2.298850574712641,0.3015075376884502
2014-06-01,100.2,102.4,98.4,100.9,99.5,100.5,98.3,103.0,98.4,100.9,89.8,98.3,99.7,1.9328585961342792,0.0,4.904051172707891,2.4365482233502656,3.2157676348547604,1.6177957532861331,3.039832285115285,0.8814887365328206,0.9230769230769376,1.3052208835341528,10.319410319410306,2.609603340292277,0.0
2014-07-01,99.9,102.2,97.7,95.1,99.8,99.0,98.5,104.4,98.5,100.7,89.8,98.7,99.2,1.6276703967446737,-0.3898635477582735,3.495762711864403,-0.20986358866736943,3.205791106514999,1.1235955056179803,2.604166666666674,1.3592233009708687,0.8188331627430934,1.5120967741935498,10.319410319410306,2.8124999999999956,-0.6012024048096087
2014-08-01,100.2,102.0,98.7,97.6,99.8,100.0,99.0,105.2,98.4,100.6,89.8,98.5,99.4,1.5197568389057725,-1.066925315227929,4.665959703075306,0.411522633744843,3.0991735537190035,0.40160642570281624,2.9106029106028997,1.1538461538461497,0.819672131147553,1.4112903225806273,10.319410319410306,2.604166666666674,-0.4008016032064021
2014-09-01,100.3,101.8,99.3,101.5,99.9,100.6,98.7,102.7,98.5,100.5,91.5,98.7,99.7,1.2108980827447047,-1.3565891472868241,4.857444561774016,0.29644268774702276,3.0959752321981338,0.8016032064128265,2.385892116182564,0.09746588693957392,0.8188331627430934,0.7014028056112176,10.24096385542168,2.385892116182564,-0.4990019960079861
2014-10-01,100.4,101.9,100.0,102.1,100.0,99.5,98.4,101.5,98.6,101.0,98.7,99.0,99.6,1.31180625630678,-1.4506769825918808,5.263157894736836,-0.19550342130987275,3.3057851239669533,0.1006036217303663,2.2869022869022926,0.3956478733926794,0.6122448979591688,1.1011011011010874,9.910913140311806,2.4844720496894457,-0.40000000000000036
2014-11-01,100.1,101.7,98.8,102.8,100.0,99.6,98.1,100.3,98.3,100.7,98.7,99.0,99.5,0.9072580645161255,-1.6441005802707909,4.0000000000000036,-0.1941747572815511,3.3057851239669533,0.2012072434607548,1.9750519750519668,-0.19900497512438386,0.5112474437627856,0.29880478087649376,9.910913140311806,2.378490175801451,-0.698602794411185
2014-12-01,100.1,102.0,98.5,101.7,100.0,101.2,98.3,100.1,98.9,100.5,98.7,99.0,99.4,0.5020080321285203,-1.7341040462427681,5.010660980810244,-0.3917727717923536,1.0101010101010166,0.09891196834816984,2.0768431983385183,-1.379310344827589,0.7128309572301372,0.6006006006005871,9.910913140311806,2.378490175801451,-0.5999999999999894
2015-01-01,99.3,101.3,99.9,98.0,99.9,98.7,99.0,98.1,98.9,99.6,98.7,98.9,99.3,0.3030303030302939,-2.5024061597690217,3.3092037228541926,1.449275362318847,1.0111223458038499,0.7142857142857117,2.1671826625387025,-2.7750247770069514,0.20263424518744966,0.2012072434607548,9.910913140311806,2.3809523809523947,-0.4012036108325012
2015-02-01,99.5,101.0,99.5,99.3,99.8,100.1,99.1,98.5,99.7,99.5,98.7,99.1,99.6,0.0,-3.349282296650713,3.8622129436325814,1.6376663254861867,0.9100101112234471,-0.29880478087650486,1.8499486125385323,-2.667984189723327,0.8088978766430666,-0.7976071784645988,9.910913140311806,2.1649484536082397,-0.40000000000000036
2015-03-01,99.7,100.9,99.3,99.2,99.5,100.5,99.5,99.2,99.9,100.0,98.7,99.3,99.8,0.0,-2.887391722810395,3.3298647242455903,-0.2012072434607659,0.7085020242914908,-0.19860973187686426,2.051282051282044,-1.9762845849802368,0.8072653884964698,-0.6951340615690249,9.910913140311806,1.9507186858316095,-0.49850448654037427
2015-04-01,99.9,100.5,99.8,99.9,99.9,99.3,100.2,100.3,99.9,100.1,98.7,99.6,99.8,-0.19980019980019303,-2.8046421663442955,2.992776057791535,-0.4980079681274896,0.5030181086519203,-0.501002004008011,2.0366598778004175,-2.81007751937985,0.9090909090909038,-0.497017892644136,9.910913140311806,2.049180327868849,-0.10010010010010895
2015-05-01,100.1,100.4,100.5,100.5,99.9,99.8,100.5,100.9,99.7,100.0,98.7,99.8,99.6,0.09999999999998899,-1.85728250244378,2.1341463414634054,0.1994017946161497,0.5030181086519203,-0.49850448654037427,2.238046795523907,-1.5609756097560878,1.2182741116751217,-0.990099009900991,9.910913140311806,1.9407558733401276,-0.2004008016032066
2015-06-01,100.2,100.2,100.7,100.1,99.9,100.2,99.9,101.1,99.5,99.9,98.7,100.2,99.8,0.0,-2.1484375,2.3373983739837456,-0.7928642220019988,0.4020100502512669,-0.29850746268655914,1.6276703967446737,-1.8446601941747631,1.1178861788617933,-0.9910802775024763,9.910913140311806,1.9328585961342792,0.10030090270811698
2015-07-01,100.0,99.5,99.6,96.7,100.2,98.7,100.8,102.3,99.7,100.1,98.7,100.3,99.9,0.10010010010008674,-2.641878669275932,1.9447287615148356,1.682439537329139,0.4008016032064132,-0.303030303030305,2.3350253807106647,-2.011494252873569,1.2182741116751217,-0.5958291956305928,9.910913140311806,1.6210739614994862,0.7056451612903247
2015-08-01,100.3,99.5,100.7,98.2,100.2,100.4,100.7,102.4,99.5,99.7,98.7,100.3,100.3,0.09980039920158834,-2.450980392156865,2.0263424518743633,0.6147540983606703,0.4008016032064132,0.40000000000000036,1.7171717171717171,-2.6615969581749055,1.1178861788617933,-0.8946322067594381,9.910913140311806,1.8274111675126825,0.9054325955734299
2015-09-01,100.2,99.5,100.7,100.9,100.0,101.1,100.7,99.9,99.9,99.7,99.9,100.5,100.3,-0.09970089730807485,-2.259332023575633,1.4098690835850913,-0.5911330049261032,0.10010010010008674,0.497017892644136,2.0263424518743633,-2.726387536514119,1.4213197969543234,-0.7960199004975133,9.180327868852455,1.823708206686936,0.6018054162487463
2015-10-01,100.3,99.1,100.3,102.9,100.2,100.2,100.0,98.9,100.5,100.6,103.4,100.6,100.4,-0.09960159362550902,-2.7477919528950068,0.29999999999998916,0.7835455435847294,0.20000000000000018,0.7035175879396949,1.6260162601625883,-2.5615763546797954,1.9269776876267741,-0.3960396039603964,4.761904761904767,1.6161616161616044,0.8032128514056325
2015-11-01,100.3,99.2,100.1,102.8,100.3,100.0,99.8,98.2,101.1,100.6,103.4,100.8,100.7,0.19980019980019303,-2.4582104228121904,1.3157894736842035,0.0,0.29999999999998916,0.40160642570281624,1.7329255861366022,-2.093718843469583,2.84842319430314,-0.09930486593844323,4.761904761904767,1.8181818181818077,1.2060301507537785
2015-12-01,100.3,99.0,98.8,101.5,100.3,101.0,99.8,100.0,101.5,100.3,103.4,100.7,100.5,0.19980019980019303,-2.941176470588236,0.3045685279187804,-0.1966568338249819,0.29999999999998916,-0.19762845849802257,1.5259409969481164,-0.09990009990009652,2.628918099089983,-0.19900497512438386,4.761904761904767,1.7171717171717171,1.106639839034207
2016-01-01,99.5,98.6,101.2,98.3,100.2,98.7,101.1,97.5,101.0,99.5,103.4,100.4,100.7,0.20140986908359082,-2.6653504442250786,1.3013013013013053,0.3061224489795844,0.30030030030030463,0.0,2.1212121212121238,-0.6116207951070263,2.123356926188058,-0.10040160642569296,4.761904761904767,1.5166835187057526,1.4098690835850913
2016-02-01,99.8,98.8,100.6,99.6,100.1,100.3,101.1,97.5,101.8,99.4,103.4,100.9,100.8,0.3015075376884502,-2.17821782178218,1.1055276381909396,0.302114803625364,0.30060120240480437,0.19980019980019303,2.0181634712411745,-1.0152284263959421,2.106318956870612,-0.10050251256280562,4.761904761904767,1.8163471241170681,1.2048192771084265
2016-03-01,100.2,98.1,100.3,100.6,99.9,101.1,101.3,99.1,101.4,99.7,103.4,101.4,100.8,0.5015045135406293,-2.7750247770069514,1.007049345417932,1.4112903225806273,0.4020100502512669,0.5970149253731183,1.8090452261306567,-0.10080645161291146,1.501501501501501,-0.30000000000000027,4.761904761904767,2.114803625377659,1.002004008016022
2016-04-01,100.2,98.0,101.1,100.3,99.8,99.5,102.2,99.0,101.6,100.5,103.4,101.9,100.8,0.30030030030030463,-2.487562189054726,1.3026052104208485,0.4004004004003914,-0.10010010010010895,0.20140986908359082,1.9960079840319445,-1.2961116650049842,1.7017017017016967,0.3996003996004083,4.761904761904767,2.309236947791171,1.002004008016022
2016-05-01,100.4,97.6,101.5,100.1,99.9,100.0,102.4,99.9,102.5,100.1,103.4,102.4,100.9,0.29970029970030065,-2.788844621513953,0.995024875621886,-0.3980099502487566,0.0,0.20040080160321772,1.8905472636816079,-0.9910802775024763,2.8084252758274753,0.09999999999998899,4.761904761904767,2.605210420841697,1.3052208835341528
2016-06-01,100.6,97.2,101.1,99.4,100.0,99.6,102.6,100.9,103.1,100.8,103.4,102.6,100.9,0.39920159680637557,-2.9940119760479056,0.3972194637537063,-0.6993006993006867,0.10010010010008674,-0.5988023952095856,2.7027027027026973,-0.19782393669632858,3.618090452261291,0.9009009009008917,4.761904761904767,2.39520958083832,1.102204408817653
2016-07-01,100.6,96.9,101.4,96.0,100.1,98.0,102.6,102.6,103.4,100.7,103.4,103.0,100.8,0.6000000000000005,-2.613065326633157,1.807228915662673,-0.7238883143743546,-0.09980039920161055,-0.7092198581560294,1.7857142857142794,0.2932551319648091,3.7111334002005947,0.5994005994006013,4.761904761904767,2.6919242273180544,0.9009009009008917
2016-08-01,100.9,97.3,102.1,97.0,100.2,99.3,102.7,103.5,103.6,100.4,103.4,102.6,101.1,0.5982053838484713,-2.2110552763819125,1.3902681231380276,-1.2219959266802527,0.0,-1.0956175298804882,1.9860973187686204,1.07421875,4.120603015075375,0.7021063189568633,4.761904761904767,2.2931206380857327,0.7976071784645988
2016-09-01,101.1,97.3,102.5,102.0,100.3,99.7,103.0,101.1,103.5,100.5,105.7,103.4,101.6,0.8982035928143617,-2.2110552763819125,1.7874875868917561,1.090188305252715,0.29999999999998916,-1.3847675568743778,2.284011916583917,1.2012012012011963,3.603603603603589,0.8024072216650024,5.805805805805808,2.885572139303494,1.2961116650049842
2016-10-01,101.2,96.8,102.4,102.3,100.5,100.2,102.0,101.1,103.7,100.8,107.9,103.3,101.6,0.8973080757726848,-2.320887991927345,2.0937188434696052,-0.5830903790087549,0.29940119760478723,0.0,2.0000000000000018,2.2244691607684386,3.184079601990053,0.19880715705766772,4.352030947775631,2.6838966202783254,1.195219123505975
2016-11-01,101.4,97.2,101.8,103.7,100.5,100.8,102.1,100.7,103.8,101.2,107.9,103.5,101.8,1.0967098703888345,-2.0161290322580627,1.6983016983016963,0.8754863813229541,0.1994017946161497,0.8000000000000007,2.3046092184368705,2.5458248472504996,2.6706231454005858,0.5964214711729809,4.352030947775631,2.6785714285714413,1.0923535253227312
2016-12-01,101.9,97.9,101.3,102.7,100.7,101.7,102.2,103.7,103.2,101.2,107.9,103.5,101.5,1.5952143569292199,-1.1111111111111072,2.530364372469629,1.1822660098522286,0.3988035892322994,0.6930693069306937,2.4048096192384794,3.699999999999992,1.6748768472906406,0.8973080757726848,4.352030947775631,2.7805362462760552,0.995024875621886
2017-01-01,101.4,98.1,103.6,98.3,100.8,99.1,103.1,103.0,103.1,100.4,107.9,103.4,101.6,1.9095477386934734,-0.5070993914807254,2.371541501976271,0.0,0.5988023952095745,0.4052684903748549,1.9782393669633969,5.641025641025643,2.079207920792081,0.9045226130653283,4.352030947775631,2.9880478087649376,0.893743793445867
2017-02-01,102.1,98.9,103.5,99.5,100.9,101.5,103.5,104.2,104.1,100.9,107.9,104.2,101.9,2.3046092184368705,0.10121457489880026,2.882703777335993,-0.10040160642569296,0.7992007992008165,1.1964107676969205,2.3738872403560984,6.8717948717948785,2.259332023575644,1.5090543259557387,4.352030947775631,3.2705649157581673,1.0912698412698596
2017-03-01,102.5,99.3,105.2,101.6,101.0,102.2,103.5,103.7,104.2,101.3,107.9,104.4,102.6,2.2954091816367317,1.2232415902140747,4.885343968095723,0.994035785288272,1.1011011011010874,1.0880316518298905,2.1717670286278468,4.64177598385469,2.7613412228796763,1.6048144433299827,4.352030947775631,2.9585798816567976,1.7857142857142794
2017-04-01,102.9,99.5,105.6,102.7,101.4,101.2,104.6,105.3,103.3,101.5,107.9,105.0,102.5,2.6946107784431073,1.5306122448979664,4.451038575667665,2.3928215353938187,1.603206412825653,1.70854271356784,2.3483365949119372,6.363636363636371,1.67322834645669,0.995024875621886,4.352030947775631,3.04219823356231,1.6865079365079305
2017-05-01,103.3,99.6,106.5,103.2,102.0,102.4,104.9,104.6,103.9,102.5,107.9,105.6,102.6,2.8884462151394397,2.049180327868849,4.92610837438423,3.096903096903114,2.102102102102088,2.400000000000002,2.44140625,4.704704704704699,1.3658536585365866,2.3976023976024052,4.352030947775631,3.124999999999978,1.684836471754192
2017-06-01,103.3,99.4,106.3,102.1,102.0,102.8,105.0,104.6,104.6,102.3,107.9,105.9,102.7,2.6838966202783254,2.263374485596703,5.143422354104854,2.716297786720312,2.0000000000000018,3.2128514056224855,2.3391812865497075,3.6669970267591667,1.4548981571290032,1.4880952380952328,4.352030947775631,3.2163742690058506,1.7839444995044529
2017-07-01,103.2,99.4,106.6,99.1,102.3,101.7,105.4,105.7,104.2,102.1,107.9,106.2,102.7,2.5844930417495027,2.579979360165119,5.12820512820511,3.2291666666666607,2.19780219780219,3.7755102040816446,2.729044834308003,3.021442495126725,0.7736943907156624,1.3902681231380276,4.352030947775631,3.106796116504862,1.8849206349206504
2017-08-01,103.8,99.4,106.7,101.5,102.4,103.5,105.4,106.8,105.9,102.3,107.9,106.3,103.0,2.874132804757168,2.158273381294973,4.50538687561215,4.6391752577319645,2.1956087824351433,4.229607250755296,2.6290165530671983,3.1884057971014457,2.220077220077221,1.8924302788844605,4.352030947775631,3.6062378167641462,1.8793273986152492
2017-09-01,104.1,100.2,106.9,105.4,102.4,103.7,105.4,105.3,105.6,103.0,108.8,106.6,103.0,2.9673590504450953,2.9804727646454365,4.292682926829272,3.3333333333333437,2.0937188434696052,4.012036108324968,2.3300970873786353,4.154302670623156,2.0289855072463725,2.487562189054726,2.9328287606433356,3.0947775628626495,1.3779527559055094
2017-10-01,104.2,100.6,106.8,105.5,102.8,103.3,105.4,105.2,105.4,103.6,110.9,106.5,102.5,2.964426877470361,3.9256198347107363,4.296875,3.128054740957964,2.2885572139303534,3.093812375249505,3.3333333333333437,4.055390702274986,1.6393442622950838,2.777777777777768,2.7803521779425466,3.0977734753146136,0.8858267716535417
2017-11-01,104.6,101.1,106.4,106.8,102.9,103.6,105.5,105.3,105.7,104.3,110.9,106.8,102.4,3.155818540433919,4.012345679012341,4.518664047151288,2.989392478302788,2.3880597014925398,2.777777777777768,3.3300685602350777,4.568023833167811,1.8304431599229343,3.063241106719361,2.7803521779425466,3.1884057971014457,0.5893909626719207
2017-12-01,104.9,101.8,107.0,105.8,103.0,105.0,105.6,107.6,104.3,103.9,110.9,106.7,102.3,2.944062806673209,3.98365679264554,5.626850937808503,3.0185004868549026,2.284011916583917,3.2448377581120846,3.326810176125239,3.760848601735778,1.065891472868219,2.667984189723316,2.7803521779425466,3.091787439613536,0.7881773399014858
2018-01-01,104.4,101.7,109.4,101.7,103.1,102.2,106.2,106.5,104.4,103.7,110.9,106.6,102.4,2.9585798816567976,3.669724770642202,5.598455598455621,3.4587995930823956,2.2817460317460236,3.128153380423826,3.0067895247332777,3.398058252427183,1.2609117361784827,3.2868525896414313,2.7803521779425466,3.0947775628626495,0.7874015748031704
2018-02-01,104.9,101.9,109.4,103.4,103.1,104.9,106.3,107.1,103.8,104.0,110.9,106.7,102.7,2.7424094025465307,3.0333670374115274,5.700483091787456,3.9195979899497635,2.18037661050543,3.349753694581281,2.70531400966183,2.7831094049904026,-0.2881844380403398,3.0723488602576676,2.7803521779425466,2.399232245681371,0.7850834151128527
2018-03-01,105.0,102.3,108.9,104.1,103.2,104.8,106.4,106.8,103.9,104.6,110.9,107.1,102.5,2.4390243902439046,3.0211480362537735,3.5171102661597065,2.460629921259838,2.17821782178218,2.544031311154593,2.801932367149762,2.989392478302788,-0.2879078694817627,3.257650542941759,2.7803521779425466,2.5862068965517127,-0.09746588693956282
2018-04-01,105.4,102.1,109.8,104.5,103.5,103.9,107.5,107.9,104.3,105.0,110.9,107.9,102.5,2.4295432458697697,2.6130653266331683,3.9772727272727293,1.7526777020447915,2.071005917159763,2.667984189723316,2.7724665391969383,2.4691358024691468,0.968054211035807,3.4482758620689724,2.7803521779425466,2.7619047619047654,0.0
2018-05-01,105.8,101.9,110.8,104.7,103.5,104.6,107.4,109.5,104.6,105.2,110.9,108.3,102.6,2.420135527589551,2.309236947791171,4.037558685445997,1.4534883720930258,1.4705882352941124,2.148437499999978,2.3832221163012424,4.684512428298282,0.6737247353224118,2.634146341463417,2.7803521779425466,2.556818181818188,0.0
2018-06-01,105.8,101.4,110.6,102.5,104.2,104.9,107.6,110.4,105.3,104.7,110.9,108.6,102.5,2.420135527589551,2.012072434607637,4.045155221072427,0.3917727717923647,2.1568627450980316,2.0428015564202484,2.4761904761904763,5.544933078393899,0.6692160611854625,2.346041055718473,2.7803521779425466,2.5495750708215192,-0.19474196689386325
2018-07-01,105.8,101.7,110.3,98.7,104.6,103.0,107.7,111.8,105.9,105.3,110.9,108.8,101.7,2.519379844961245,2.31388329979878,3.470919324577859,-0.4036326942482238,2.2482893450635366,1.2782694198623323,2.182163187855779,5.7710501419110605,1.6314779270633517,3.1341821743388953,2.7803521779425466,2.4482109227871973,-0.9737098344693274
2018-08-01,106.5,101.9,111.1,101.8,104.7,104.2,108.0,113.3,106.3,105.9,110.9,108.9,102.3,2.6011560693641744,2.515090543259557,4.123711340206171,0.2955665024630516,2.24609375,0.6763285024154575,2.4667931688804545,6.086142322097388,0.37771482530688516,3.5190615835777317,2.7803521779425466,2.4459078080903085,-0.6796116504854344
2018-09-01,106.6,101.7,111.2,104.9,105.2,104.2,108.2,111.2,106.6,106.2,112.0,109.3,102.6,2.401536983669539,1.4970059880239583,4.022450888681006,-0.4743833017077814,2.734375,0.48216007714561027,2.6565464895635715,5.603038936372284,0.9469696969697017,3.106796116504862,2.941176470588247,2.5328330206378924,-0.3883495145631133
2018-10-01,106.7,101.5,111.1,104.4,105.8,104.1,107.9,110.8,107.4,106.9,114.4,109.1,102.5,2.399232245681371,0.8946322067594492,4.026217228464413,-1.0426540284360186,2.9182879377431803,0.7744433688286589,2.371916508538896,5.323193916349811,1.8975332068311257,3.1853281853281956,3.155996393146987,2.4413145539906145,0.0
2018-11-01,107.0,101.6,112.5,106.0,105.8,104.3,107.8,110.4,107.4,107.0,114.4,109.7,102.7,2.294455066921608,0.4945598417408492,5.733082706766912,-0.7490636704119868,2.818270165208925,0.6756756756756799,2.180094786729847,4.843304843304841,1.6083254493850507,2.5886864813039256,3.155996393146987,2.7153558052434468,0.29296875
2018-12-01,107.1,102.5,111.3,104.9,105.8,105.4,108.0,111.3,107.3,106.8,114.4,110.0,102.4,2.0972354623450817,0.6876227897838927,4.0186915887850505,-0.8506616257088817,2.7184466019417375,0.3809523809523929,2.2727272727272707,3.438661710037172,2.8763183125599223,2.791145332050049,3.155996393146987,3.092783505154628,0.09775171065493637
2019-01-01,106.3,102.6,114.0,100.4,104.2,103.2,108.6,109.9,107.6,106.7,114.4,109.3,102.6,1.8199233716474916,0.8849557522123908,4.20475319926874,-1.2782694198623323,1.06692531522794,0.9784735812133016,2.259887005649719,3.1924882629108087,3.0651340996168397,2.892960462873684,3.155996393146987,2.5328330206378924,0.1953124999999778
2019-02-01,106.8,103.0,115.0,101.3,104.3,105.2,108.8,110.4,107.5,107.2,114.4,109.5,102.9,1.8112488083889433,1.079489695780178,5.118829981718465,-2.030947775628633,1.1639185257032114,0.2859866539561384,2.35183443085607,3.08123249299721,3.5645472061657024,3.076923076923088,3.155996393146987,2.6241799437675795,0.19474196689386325
2019-03-01,107.0,103.1,114.6,102.4,104.4,105.4,109.1,110.3,107.7,107.4,114.4,110.0,103.1,1.904761904761898,0.782013685239491,5.234159779614322,-1.6330451488952846,1.1627906976744207,0.5725190839694694,2.537593984962405,3.277153558052426,3.657362848893153,2.6768642447418944,3.155996393146987,2.7077497665733086,0.5853658536585371
2019-04-01,107.6,102.8,114.1,102.5,107.0,104.1,110.0,112.9,109.1,106.6,114.4,110.5,103.4,2.0872865275142205,0.6856023506366382,3.9162112932604742,-1.9138755980861233,3.3816425120772875,0.19249278152069227,2.3255813953488413,4.633920296570904,4.60210930009588,1.5238095238095273,3.155996393146987,2.409638554216853,0.8780487804878057
2019-05-01,107.9,102.9,114.4,103.0,107.1,105.2,110.1,112.5,109.8,107.1,114.4,111.4,103.7,1.9848771266540721,0.981354268891077,3.2490974729241895,-1.623686723973261,3.4782608695652195,0.5736137667304186,2.5139664804469275,2.7397260273972712,4.97131931166348,1.8060836501901045,3.155996393146987,2.8624192059095277,1.072124756335291
2019-06-01,107.9,103.1,114.7,102.0,107.1,105.9,110.4,113.0,109.9,106.7,114.4,111.3,103.5,1.9848771266540721,1.6765285996055201,3.7070524412296635,-0.4878048780487809,2.7831094049904026,0.9532888465205058,2.602230483271395,2.3550724637681153,4.368471035137711,1.9102196752626588,3.155996393146987,2.4861878453038777,0.9756097560975618
2019-07-01,107.9,103.1,114.5,99.1,107.1,104.1,110.5,113.4,109.9,107.8,114.4,112.2,103.4,1.9848771266540721,1.3765978367748177,3.80779691749773,0.4052684903748549,2.390057361376674,1.0679611650485477,2.599814298978642,1.4311270125223707,3.7771482530689404,2.3741690408357163,3.155996393146987,3.125,1.6715830875122961
2019-08-01,108.4,103.7,114.7,100.9,107.2,105.0,110.6,114.9,110.2,107.1,114.4,112.0,104.1,1.7840375586854584,1.7664376840039298,3.240324032403241,-0.8840864440078477,2.387774594078329,0.7677543186180413,2.4074074074073915,1.4121800529567574,3.668861712135474,1.1331444759206777,3.155996393146987,2.846648301193744,1.7595307917888547
2019-09-01,108.5,103.5,114.5,103.9,107.2,106.2,111.0,111.9,110.9,107.7,115.6,112.8,104.4,1.7823639774859235,1.7699115044247815,2.967625899280568,-0.9532888465204947,1.9011406844106515,1.9193857965451144,2.5878003696857554,0.629496402877705,4.0337711069418525,1.412429378531077,3.214285714285703,3.20219579139982,1.7543859649122862
2019-10-01,108.3,102.8,114.9,104.9,106.1,105.0,110.6,111.7,111.0,108.1,117.5,112.5,104.4,1.4995313964386137,1.2807881773398977,3.4203420342034274,0.47892720306512704,0.2835538752362865,0.8645533141210526,2.5023169601482653,0.8122743682310585,3.351955307262555,1.1225444340505097,2.7097902097902082,3.1164069660861715,1.8536585365853675
2019-11-01,108.5,103.7,114.7,106.0,106.2,105.5,111.0,111.4,111.0,108.6,117.5,112.3,104.7,1.4018691588784993,2.0669291338582862,1.9555555555555548,0.0,0.3780718336483968,1.1505273250239645,2.9684601113172615,0.9057971014492683,3.351955307262555,1.495327102803734,2.7097902097902082,2.370100273473108,1.9474196689386547
2019-12-01,108.5,104.3,113.1,104.0,106.2,106.9,111.0,112.1,111.9,108.4,117.5,111.8,104.7,1.3071895424836555,1.7560975609756113,1.6172506738544534,-0.8579599618684486,0.3780718336483968,1.4231499051233332,2.777777777777768,0.7187780772686336,4.287045666356026,1.4981273408239737,2.7097902097902082,1.6363636363636358,2.24609375
2020-01-01,108.2,104.1,115.7,100.6,106.3,103.5,111.7,112.0,112.1,108.3,117.5,111.7,105.0,1.7873941674506177,1.4619883040935644,1.4912280701754321,0.19920318725097363,2.0153550863723613,0.29069767441860517,2.8545119705340793,1.9108280254777066,4.182156133828996,1.4995313964386137,2.7097902097902082,2.1957913998170264,2.3391812865497075
2020-02-01,108.6,104.3,115.8,101.5,106.2,105.3,112.1,112.4,112.4,108.7,117.5,112.3,105.4,1.6853932584269593,1.2621359223300876,0.6956521739130306,0.19743336623889718,1.82166826462129,0.0950570342205248,3.0330882352941124,1.8115942028985588,4.558139534883732,1.3992537313432862,2.7097902097902082,2.5570776255707806,2.4295432458697697
2020-03-01,108.6,104.5,116.2,101.2,106.2,105.4,112.6,111.8,113.1,108.9,117.5,112.4,105.6,1.495327102803734,1.3579049466537318,1.3961605584642323,-1.171875,1.724137931034475,0.0,3.208065994500453,1.3599274705349051,5.013927576601662,1.3966480446927276,2.7097902097902082,2.181818181818196,2.424830261881672
2020-04-01,108.5,104.2,117.0,99.5,105.7,103.7,112.4,111.8,113.6,109.3,117.5,113.2,104.7,0.8364312267657992,1.3618677042801508,2.5416301489921134,-2.9268292682926855,-1.2149532710280297,-0.384245917387116,2.181818181818196,-0.9743135518157753,4.124656278643446,2.5328330206378924,2.7097902097902082,2.443438914027163,1.2572533849129597
2020-05-01,108.5,104.8,117.4,99.8,105.8,104.4,110.9,110.6,114.2,109.2,117.5,113.6,104.9,0.556070435588496,1.8464528668610258,2.622377622377625,-3.106796116504862,-1.21381886087768,-0.760456273764254,0.7266121707538709,-1.6888888888888953,4.007285974499086,1.9607843137255054,2.7097902097902082,1.9748653500897495,1.1571841851494735
2020-06-01,108.6,104.2,117.1,99.7,105.9,105.3,112.7,111.2,114.2,109.5,117.5,113.3,104.9,0.6487488415199083,1.06692531522794,2.09241499564079,-2.2549019607843057,-1.1204481792716936,-0.56657223796035,2.083333333333326,-1.5929203539822967,3.912647861692453,2.6241799437675795,2.7097902097902082,1.7969451931716174,1.352657004830915
2020-07-01,109.1,103.9,117.5,99.0,106.2,104.9,114.0,112.6,114.7,110.6,117.5,114.2,104.9,1.1121408711770142,0.7759456838021483,2.6200873362445476,-0.10090817356205317,-0.8403361344537785,0.7684918347742764,3.167420814479649,-0.7054673721340499,4.367606915377609,2.5974025974025983,2.7097902097902082,1.7825311942959,1.4506769825918697
2020-08-01,108.6,104.1,116.9,99.5,106.3,105.5,113.4,113.8,114.7,110.1,117.5,108.8,105.1,0.18450184501843658,0.38572806171648377,1.9180470793374038,-1.3875123885034757,-0.839552238805974,0.4761904761904745,2.5316455696202667,-0.9573542210618013,4.083484573502716,2.8011204481792618,2.7097902097902082,-2.857142857142858,0.9606147934678289
2020-09-01,109.1,103.4,117.0,102.4,106.3,105.6,113.3,113.0,114.7,110.3,117.9,112.1,105.1,0.5529953917050578,-0.09661835748792091,2.183406113537112,-1.443695861405192,-0.839552238805974,-0.5649717514124353,2.072072072072073,0.9830205540661163,3.426510369702429,2.41411327762302,1.9896193771626436,-0.6205673758865271,0.6704980842911823
2020-10-01,109.1,103.4,117.2,104.9,104.7,105.2,113.0,113.1,114.7,110.3,120.0,111.9,105.2,0.7386888273314796,0.5836575875486361,2.0017406440382857,0.0,-1.3195098963242113,0.19047619047618536,2.169981916817365,1.253357206803929,3.3333333333333437,2.0351526364477346,2.127659574468077,-0.5333333333333301,0.766283524904221
2020-11-01,108.9,103.1,117.0,102.1,104.7,105.2,112.9,112.5,114.8,110.7,120.0,112.8,105.1,0.36866359447005337,-0.5785920925747479,2.005231037489108,-3.6792452830188727,-1.412429378531077,-0.28436018957345155,1.7117117117117164,0.9874326750448859,3.4234234234234107,1.9337016574585641,2.127659574468077,0.44523597506678225,0.3820439350525229
2020-12-01,109.2,102.8,117.1,102.2,104.9,106.2,112.3,114.2,114.8,111.2,120.0,111.9,105.2,0.6451612903225934,-1.4381591562799612,3.536693191865603,-1.7307692307692246,-1.2241054613935987,-0.6548175865294659,1.1711711711711592,1.873327386262269,2.5915996425379673,2.58302583025829,2.127659574468077,0.08944543828266482,0.47755491881567025
2021-01-01,109.0,103.4,119.4,97.2,105.0,104.5,112.9,114.3,114.5,111.1,120.0,112.9,105.3,0.7393715341959206,-0.6724303554274669,3.1979256698357883,-3.379721669980107,-1.2229539040451542,0.9661835748792313,1.07430617726052,2.0535714285714324,2.140945584299736,2.5854108956602007,2.127659574468077,1.07430617726052,0.28571428571428914
2021-02-01,109.1,103.6,119.0,95.7,105.1,106.2,112.5,115.2,114.5,111.1,120.0,113.3,105.3,0.4604051565377576,-0.6711409395973145,2.763385146804831,-5.714285714285716,-1.0357815442561313,0.8547008547008517,0.3568242640499708,2.491103202846978,1.868327402135228,2.2079116835326484,2.127659574468077,0.8904719501335645,-0.09487666034156961
2021-03-01,109.4,103.0,118.9,97.2,105.2,107.0,112.8,115.9,114.9,111.3,120.0,113.5,105.7,0.7366482504604255,-1.4354066985645897,2.3235800344234114,-3.9525691699604737,-0.941619585687381,1.5180265654648917,0.1776198934280604,3.6672629695885695,1.5915119363395291,2.203856749311295,2.127659574468077,0.9786476868327343,0.09469696969697239
2021-04-01,110.1,103.8,119.5,99.6,107.6,106.5,114.1,117.2,116.9,110.1,120.0,114.3,105.2,1.474654377880169,-0.38387715930903177,2.136752136752129,0.10050251256281673,1.797540208136228,2.700096432015431,1.5124555160142217,4.830053667262968,2.9049295774647987,0.7319304666056681,2.127659574468077,0.9717314487632356,0.47755491881567025
2021-05-01,110.8,103.5,119.3,101.9,107.7,107.4,113.9,117.6,116.7,111.4,120.0,115.7,105.9,2.1198156682027625,-1.2404580152671763,1.6183986371379744,2.104208416833675,1.7958412098298737,2.8735632183908066,2.705139765554554,6.329113924050622,2.189141856392296,2.0146520146520075,2.127659574468077,1.848591549295775,0.9532888465205058
2021-06-01,111.3,103.6,119.9,102.7,107.9,108.8,114.5,119.1,117.0,111.8,120.0,116.1,106.0,2.4861878453038777,-0.5758157389635365,2.3911187019641345,3.0090270812437314,1.8885741265344702,3.3238366571699984,1.5971606033717833,7.104316546762579,2.4518388791593626,2.100456621004554,2.127659574468077,2.471315092674309,1.0486177311725298
2021-07-01,111.3,103.3,119.3,100.6,108.1,108.0,114.9,121.3,116.3,111.4,120.0,116.6,105.8,2.016498625114571,-0.5774783445620879,1.5319148936170146,1.6161616161616044,1.7890772128060117,2.9551954242135414,0.7894736842105399,7.7264653641207826,1.3949433304272008,0.7233273056058032,2.127659574468077,2.1015761821365997,0.8579599618684375
2021-08-01,112.1,104.4,119.8,100.8,108.2,109.4,114.8,122.7,116.0,112.7,120.0,118.1,106.1,3.222836095764281,0.2881844380403509,2.480752780153961,1.306532663316573,1.7873941674506177,3.696682464454981,1.2345679012345512,7.820738137082617,1.1333914559720881,2.361489554950058,2.127659574468077,8.547794117647056,0.9514747859181716
2021-09-01,112.4,104.2,120.1,103.0,108.4,110.4,114.7,122.4,116.4,113.3,121.3,117.7,106.2,3.024747937671868,0.7736943907156624,2.64957264957264,0.5859375,1.9755409219190945,4.545454545454564,1.2356575463371655,8.318584070796465,1.482127288578905,2.7198549410698103,2.8837998303647083,4.9955396966993915,1.0466222645099998
2021-10-01,113.6,104.7,119.5,104.6,111.8,111.2,114.3,124.3,116.3,113.1,125.4,119.0,106.6,4.124656278643446,1.2572533849129597,1.9624573378839605,-0.28598665395616063,6.78127984718242,5.703422053231932,1.1504424778761013,9.902740937223697,1.3949433304272008,2.5385312783318126,4.500000000000015,6.344950848972286,1.330798479087436
2021-11-01,114.5,105.7,122.6,105.7,112.0,111.7,114.4,126.5,116.1,114.3,125.4,118.7,106.6,5.1423324150596805,2.5218234723569433,4.7863247863247915,3.52595494613126,6.972301814708692,6.178707224334601,1.3286093888396744,12.444444444444436,1.1324041811846763,3.2520325203251987,4.500000000000015,5.230496453900724,1.4272121788772685
2021-12-01,115.1,107.1,121.6,106.4,112.1,113.9,114.7,127.8,115.6,114.6,125.4,118.6,106.9,5.402930402930406,4.182879377431914,3.8428693424423566,4.109589041095885,6.8636796949475665,7.250470809792842,2.137132680320586,11.908931698774072,0.6968641114982521,3.0575539568345356,4.500000000000015,5.987488829311882,1.615969581749055
2022-01-01,114.9,107.8,123.2,103.3,112.5,113.3,115.4,127.3,115.7,114.3,125.4,118.1,107.1,5.412844036697262,4.255319148936154,3.1825795644891075,6.275720164609044,7.14285714285714,8.421052631578952,2.214348981399472,11.37357830271215,1.0480349344978102,2.880288028802891,4.500000000000015,4.605845881310877,1.7094017094017033
2022-02-01,115.8,108.9,123.3,104.2,112.7,115.8,115.4,128.4,115.8,116.3,125.4,119.0,107.3,6.141154903758017,5.115830115830122,3.6134453781512477,8.881922675026122,7.231208372978126,9.039548022598854,2.57777777777779,11.458333333333325,1.1353711790393017,4.680468046804687,4.500000000000015,5.030891438658425,1.8993352326685642
2022-03-01,117.1,109.0,124.6,106.8,113.3,118.0,115.6,131.5,115.7,116.8,125.4,121.3,107.7,7.038391224862872,5.825242718446599,4.793944491169033,9.876543209876543,7.699619771863109,10.280373831775691,2.482269503546086,13.459879206212255,0.6962576153176636,4.941599281221931,4.500000000000015,6.8722466960352335,1.8921475875118166
2022-04-01,120.0,110.7,124.7,107.9,128.3,117.7,116.6,132.9,120.1,116.6,125.4,123.4,108.2,8.99182561307903,6.647398843930641,4.351464435146446,8.333333333333348,19.237918215613405,10.51643192488263,2.1910604732690686,13.395904436860073,2.7373823781009277,5.903723887375123,4.500000000000015,7.961504811898523,2.851711026615966
2022-05-01,120.8,112.4,125.3,109.0,128.6,119.0,116.0,133.8,119.9,117.0,125.4,124.4,109.0,9.025270758122739,8.599033816425127,5.029337803855816,6.967615309126596,19.405756731662006,10.800744878957168,1.843722563652328,13.775510204081653,2.742073693230518,5.0269299820466795,4.500000000000015,7.519446845289535,2.9272898961284266
2022-06-01,121.8,113.7,125.4,109.1,129.0,120.1,116.5,136.9,120.4,117.2,125.4,126.0,109.4,9.433962264150942,9.749034749034768,4.587155963302747,6.231742940603691,19.555143651529193,10.386029411764696,1.7467248908296984,14.945424013434106,2.905982905982918,4.830053667262968,4.500000000000015,8.527131782945752,3.207547169811331
2022-07-01,122.5,116.3,125.8,107.3,129.7,118.8,116.5,139.2,120.0,117.6,125.4,127.0,110.1,10.062893081761004,12.584704743465625,5.448449287510471,6.660039761431413,19.98149861239593,9.999999999999986,1.3925152306353272,14.756801319043689,3.181427343078247,5.565529622980248,4.500000000000015,8.919382504288166,4.064272211720232
2022-08-01,123.1,118.0,126.3,108.5,129.8,120.4,117.8,137.4,119.2,118.7,125.4,128.3,111.0,9.812667261373775,13.026819923371647,5.425709515859767,7.638888888888884,19.96303142329021,10.05484460694699,2.6132404181184565,11.980440097799505,2.758620689655178,5.323868677905952,4.500000000000015,8.636748518204929,4.618284637134784
2022-09-01,123.8,119.3,126.7,111.7,130.3,122.2,118.7,135.4,119.3,119.2,126.5,129.1,111.5,10.142348754448394,14.49136276391554,5.495420482930902,8.446601941747577,20.202952029520294,10.688405797101442,3.487358326068013,10.620915032679745,2.491408934707895,5.207413945278039,4.286892003297615,9.685641461342387,4.990583804143123
2022-10-01,126.2,121.7,126.7,113.5,141.6,122.9,119.2,135.4,120.1,119.7,129.4,130.4,112.0,11.09154929577465,16.236867239732568,6.025104602510467,8.50860420650097,26.654740608228987,10.521582733812963,4.286964129483817,8.930008045052308,3.267411865864145,5.835543766578266,3.189792663476876,9.57983193277312,5.065666041275807
2022-11-01,126.7,123.1,127.5,113.6,141.7,123.6,119.9,135.7,119.1,120.4,129.4,130.8,112.4,10.65502183406113,16.461684011352883,3.9967373572593834,7.4739829706717,26.517857142857125,10.653536257833473,4.807692307692313,7.272727272727253,2.5839793281653645,5.336832895888022,3.189792663476876,10.193765796124698,5.440900562851803
2022-12-01,127.2,125.1,126.1,113.3,141.9,125.1,120.6,136.1,118.0,120.1,129.4,132.0,112.7,10.512597741094698,16.806722689075638,3.7006578947368363,6.484962406015038,26.583407671721694,9.833187006145728,5.143853530950304,6.494522691705784,2.076124567474058,4.799301919720778,3.189792663476876,11.298482293423273,5.425631431244149
2023-01-01,126.4,125.8,129.5,109.8,142.6,123.7,122.7,131.3,118.5,120.0,129.4,130.8,113.4,10.008703220191473,16.69758812615956,5.1136363636363535,6.292352371732823,26.755555555555553,9.179170344218889,6.325823223570182,3.1421838177533523,2.420051858254113,4.986876640419946,3.189792663476876,10.753598645215924,5.882352941176472
2023-02-01,127.9,128.5,130.2,112.6,142.7,125.9,123.3,132.1,120.1,121.0,129.4,133.4,114.3,10.449050086355793,17.998163452708905,5.596107055961075,8.061420345489445,26.619343389529714,8.72193436960278,6.845753899480056,2.8816199376946905,3.713298791019004,4.041272570937227,3.189792663476876,12.100840336134455,6.523765144454807
2023-03-01,128.9,129.9,131.2,114.4,142.8,127.5,123.8,132.6,120.0,122.2,129.4,135.0,114.9,10.076857386848847,19.174311926605505,5.296950240770459,7.116104868913875,26.03706972639013,8.05084745762712,7.093425605536341,0.8365019011406849,3.7165082108902237,4.6232876712328785,3.189792663476876,11.29431162407255,6.6852367688022385
2023-04-01,130.4,131.7,136.1,115.2,144.1,126.5,124.9,134.9,129.6,123.9,129.4,135.9,115.6,8.666666666666668,18.970189701897013,9.141940657578186,6.76552363299352,12.3148869836321,7.476635514018692,7.118353344768447,1.5048908954100826,7.910074937552047,6.2607204116638115,3.189792663476876,10.129659643435973,6.839186691312382
2023-05-01,131.3,132.9,136.9,116.7,144.3,127.9,125.6,135.4,130.8,124.7,129.4,137.3,116.3,8.69205298013247,18.238434163701058,9.257781324820446,7.064220183486247,12.208398133748076,7.478991596638651,8.275862068965512,1.195814648729443,9.090909090909104,6.58119658119658,3.189792663476876,10.36977491961415,6.697247706422016
2023-06-01,131.5,133.4,137.0,116.9,144.4,127.9,126.0,134.5,131.8,125.0,129.4,138.0,116.6,7.9638752052545225,17.326297273526837,9.250398724082931,7.149404216315314,11.937984496124043,6.494587843463795,8.15450643776825,-1.753104455807164,9.46843853820598,6.655290102389078,3.189792663476876,9.523809523809534,6.58135283363801
2023-07-01,130.9,133.5,137.6,114.4,138.5,126.2,126.9,136.4,128.5,125.3,129.4,139.2,116.7,6.857142857142873,14.78933791917456,9.379968203497624,6.616961789375586,6.784888203546657,6.228956228956228,8.927038626609441,-2.011494252873547,7.08333333333333,6.547619047619047,3.189792663476876,9.606299212598412,5.994550408719346
2023-08-01,131.3,134.0,139.6,116.1,138.9,126.5,127.8,136.7,129.0,125.6,129.4,139.0,117.2,6.661251015434622,13.559322033898313,10.530482977038801,7.004608294930881,7.010785824345134,5.066445182724255,8.488964346349736,-0.5094614264920083,8.221476510067106,5.812973883740513,3.189792663476876,8.33982852689008,5.585585585585595
2023-09-01,132.0,133.8,140.9,119.5,139.3,126.6,128.5,136.4,128.9,126.4,131.7,140.2,117.4,6.623586429725359,12.15423302598493,11.207576953433307,6.982990152193369,6.907137375287786,3.6006546644844484,8.256107834877845,0.7385524372230501,8.04694048616932,6.040268456375841,4.110671936758892,8.597986057319895,5.291479820627809
2023-10-01,132.0,134.0,140.6,120.5,136.6,126.7,128.7,136.1,129.8,127.3,135.2,140.2,117.8,4.5958795562599075,10.106820049301568,10.970797158642466,6.167400881057272,-3.5310734463276816,3.0919446704637865,7.969798657718119,0.5169867060561106,8.076602830974199,6.349206349206349,4.482225656877881,7.515337423312873,5.178571428571432
2023-11-01,131.7,134.4,140.5,120.1,136.9,126.4,128.8,133.7,128.8,126.8,135.2,140.7,117.7,3.946329913180735,9.17952883834281,10.196078431372557,5.721830985915499,-3.38743824982356,2.265372168284796,7.422852376980815,-1.4738393515106862,8.144416456759052,5.31561461794019,4.482225656877881,7.568807339449513,4.71530249110319
2023-12-01,132.2,135.1,142.4,120.6,137.1,128.2,129.4,134.7,128.0,127.0,135.2,141.3,117.5,3.9308176100628867,7.993605115907276,12.926249008723257,6.443071491615182,-3.382663847780132,2.478017585931247,7.296849087893875,-1.0286554004408588,8.47457627118644,5.745212323064108,4.482225656877881,7.045454545454555,4.259094942324748
2024-01-01,131.5,134.6,145.5,115.9,139.6,124.2,131.1,130.9,128.2,126.9,135.2,140.0,118.5,4.034810126582267,6.995230524642282,12.355212355212352,5.555555555555558,-2.103786816269282,0.4042037186742009,6.845965770171136,-0.30464584920031346,8.185654008438803,5.750000000000011,4.482225656877881,7.033639143730874,4.497354497354489
2024-02-01,132.3,134.9,145.8,118.3,140.2,125.9,131.4,131.9,126.8,127.5,135.2,141.4,118.5,3.4401876465989023,4.980544747081717,11.981566820276512,5.062166962699832,-1.7519271198318198,0.0,6.569343065693434,-0.15140045420135584,5.578684429641978,5.371900826446274,4.482225656877881,5.997001499250376,3.6745406824147064
2024-03-01,133.0,135.1,147.0,119.0,140.5,126.3,132.0,132.8,129.0,128.7,135.2,142.9,118.8,3.1807602792862655,4.00307929176289,12.042682926829285,4.020979020979021,-1.6106442577030866,-0.9411764705882342,6.623586429725359,0.15082956259429015,7.499999999999996,5.319148936170204,4.482225656877881,5.851851851851864,3.394255874673613
2024-04-01,133.5,135.6,147.1,119.5,137.0,125.3,133.2,135.0,134.8,129.4,135.2,144.1,119.7,2.3773006134969243,2.9612756264236983,8.082292432035265,3.732638888888884,-4.927133934767514,-0.9486166007905195,6.645316253002398,0.0741289844329085,4.0123456790123635,4.439063761097661,4.482225656877881,6.033848417954379,3.5467128027681705
2024-05-01,133.9,135.2,147.6,120.2,137.3,125.6,133.5,136.0,136.2,129.7,135.2,145.2,119.9,1.980198019801982,1.7306245297215916,7.815924032140242,2.999143101970869,-4.851004851004848,-1.798279906176714,6.289808917197459,0.4431314623338123,4.128440366972463,4.009623095429027,4.482225656877881,5.753823743627073,3.095442820292349
2024-06-01,134.1,135.5,147.0,118.8,137.6,125.8,133.9,135.7,135.7,129.9,135.2,146.5,119.9,1.9771863117870714,1.5742128935532174,7.299270072992692,1.6253207869974196,-4.709141274238238,-1.6419077404222104,6.26984126984127,0.892193308550171,2.95902883156296,3.9200000000000124,4.482225656877881,6.159420289855078,2.8301886792452935
2024-07-01,133.8,135.5,147.5,116.8,136.4,124.2,134.2,136.7,134.3,130.0,135.2,146.0,120.7,2.2154316271963292,1.4981273408239737,7.194767441860472,2.0979020979020824,-1.5162454873646203,-1.5847860538827252,5.752561071710005,0.21994134897358464,4.513618677042808,3.75099760574622,4.482225656877881,4.885057471264376,3.4275921165381362
2024-08-01,134.3,135.8,147.6,118.0,136.6,124.9,134.8,138.4,134.2,130.5,135.2,145.0,121.0,2.2848438690022954,1.3432835820895717,5.730659025787976,1.636520241171402,-1.6558675305975656,-1.2648221343873445,5.477308294209715,1.2435991221653397,4.031007751937965,3.9012738853503315,4.482225656877881,4.316546762589923,3.2423208191126207
2024-09-01,134.2,136.3,147.7,120.5,137.0,125.4,135.1,133.3,135.6,131.2,137.6,145.9,121.2,1.6666666666666607,1.86846038863977,4.826117814052511,0.8368200836819994,-1.6511127063891018,-0.9478672985781866,5.1361867704280195,-2.2727272727272707,5.1978277734678,3.7974683544303556,4.479878511769186,4.0656205420827485,3.236797274275971
2024-10-01,135.0,136.5,148.1,121.8,140.6,126.0,135.9,133.5,135.8,131.1,142.0,146.1,121.2,2.2727272727272707,1.8656716417910557,5.3342816500711265,1.078838174273855,2.9282576866764387,-0.5524861878453025,5.594405594405605,-1.9103600293901457,4.6224961479198745,2.9850746268656803,5.029585798816583,4.208273894436521,2.8862478777589073
2024-11-01,135.1,137.1,150.2,122.6,141.1,125.9,136.0,132.4,134.9,131.3,142.0,146.2,121.3,2.581624905087332,2.0089285714285587,6.903914590747329,2.0815986677768628,3.0679327976625093,-0.39556962025316666,5.590062111801242,-0.9723261032161479,4.736024844720488,3.54889589905365,5.029585798816583,3.9090262970860046,3.0586236193712812
2024-12-01,135.6,137.8,149.9,121.9,141.4,127.7,136.6,133.8,135.8,131.2,142.0,146.1,121.5,2.571860816944027,1.9985196150999363,5.266853932584259,1.0779436152570598,3.1363967906637535,-0.3900156006240163,5.56414219474497,-0.6681514476614581,6.093750000000009,3.307086614173227,5.029585798816583,3.397027600849234,3.404255319148941
2025-01-01,135.4,139.0,152.6,117.9,142.6,124.8,137.7,133.2,135.8,131.7,145.3,144.7,121.8,2.965779467680618,3.268945022288272,4.879725085910658,1.7256255392579911,2.148997134670494,0.48309178743961567,5.034324942791768,1.7570664629487975,5.928237129485203,3.782505910165468,7.47041420118344,3.3571428571428585,2.784810126582271
2025-02-01,136.0,139.3,154.1,117.6,142.8,126.1,138.0,134.3,136.1,131.8,145.3,146.2,122.1,2.7966742252456545,3.261675315048196,5.692729766803839,-0.591715976331364,1.8544935805991702,0.1588562351072298,5.022831050228316,1.8195602729340399,7.334384858044163,3.3725490196078622,7.47041420118344,3.3946251768033786,3.037974683544298
2025-03-01,136.5,139.2,154.8,120.3,142.9,126.9,138.5,134.4,136.7,131.8,145.3,147.2,122.4,2.6315789473684292,3.034789045151731,5.306122448979589,1.092436974789912,1.7081850533807952,0.47505938242280443,4.924242424242431,1.2048192771084265,5.9689922480619995,2.4087024087024345,7.47041420118344,3.0090972708187502,3.0303030303030276
2025-04-01,138.2,140.2,155.5,118.9,147.7,124.7,139.0,139.5,142.6,133.4,145.3,148.0,122.7,3.5205992509363293,3.3923303834808127,5.710401087695449,-0.5020920502092019,7.81021897810219,-0.47885075818036027,4.354354354354362,3.3333333333333437,5.786350148367947,3.091190108191655,7.47041420118344,2.706453851492019,2.506265664160412
2025-05-01,138.4,141.2,155.6,119.8,147.9,126.5,139.4,137.0,142.3,133.8,145.3,149.2,123.2,3.3607169529499714,4.4378698224851965,5.420054200542013,-0.33277870216306127,7.7203204661325575,0.7165605095541538,4.419475655430727,0.7352941176470562,4.478707782672564,3.161141094834252,7.47041420118344,2.754820936639124,2.752293577981657
2025-06-01,138.9,141.6,156.4,119.4,148.0,127.0,139.8,138.0,142.4,134.2,145.3,150.3,123.2,3.5794183445190253,4.50184501845019,6.394557823129254,0.5050505050505194,7.558139534883734,0.9538950715421324,4.406273338312183,1.6949152542373058,4.9373618275608155,3.3102386451116184,7.47041420118344,2.5938566552901055,2.752293577981657
2025-07-01,139.0,142.2,155.9,117.1,146.5,125.0,138.8,141.1,142.5,134.3,145.3,150.9,123.4,3.886397608370684,4.944649446494465,5.694915254237287,0.25684931506848585,7.40469208211143,0.6441223832528209,3.427719821162456,3.218727139722022,6.105733432613536,3.3076923076923226,7.47041420118344,3.356164383561655,2.236951118475572
2025-08-01,139.3,142.8,156.3,118.2,146.7,125.9,139.5,141.7,142.4,134.7,145.3,150.5,123.7,3.7230081906180157,5.154639175257736,5.8943089430894435,0.16949152542373724,7.393850658857981,0.8006405124099336,3.4866468842729814,2.3843930635838007,6.110283159463492,3.218390804597693,7.47041420118344,3.7931034482758585,2.231404958677685
2025-09-01,139.3,142.5,156.3,121.0,146.9,125.9,139.8,138.5,141.9,134.7,147.5,151.7,123.7,3.800298062593166,4.548789435069689,5.822613405551813,0.4149377593360981,7.226277372262779,0.3987240829345984,3.478904515173964,3.9009752438109446,4.646017699115057,2.6676829268292623,7.194767441860472,3.9753255654557895,2.062706270627057
2025-10-01,139.8,143.2,156.8,122.2,147.9,126.4,139.6,138.5,141.7,134.9,152.7,151.6,124.0,3.5555555555555562,4.908424908424891,5.874409182984475,0.3284072249589487,5.192034139402568,0.31746031746031633,2.722590139808667,3.7453183520599342,4.344624447717216,2.898550724637694,7.535211267605635,3.7645448323066377,2.310231023102305
2025-11-01,139.5,142.9,156.1,121.8,148.3,125.5,139.4,137.3,141.3,135.0,152.7,151.3,123.9,3.2568467801628476,4.230488694383672,3.928095872170445,-0.6525285481239762,5.102763997165138,-0.3177124702144596,2.5000000000000133,3.7009063444108703,4.744255003706455,2.817974105102805,7.535211267605635,3.488372093023262,2.143446001648819
2025-12-01,140.1,144.1,157.7,122.0,148.4,127.0,139.5,139.2,141.4,134.8,152.7,151.7,124.2,3.31858407079646,4.571843251088525,5.203468979319537,0.08203445447088065,4.950495049504955,-0.5481597494126911,2.1229868228404225,4.035874439461873,4.123711340206171,2.743902439024404,7.535211267605635,3.8329911019849394,2.2222222222222143
2026-01-01,139.5,143.9,159.7,117.9,149.1,124.2,141.9,136.7,142.0,135.1,152.7,150.6,124.5,3.0280649926144765,3.5251798561151126,4.652686762778502,0.0,4.55820476858344,-0.48076923076922906,3.0501089324618924,2.6276276276276267,4.565537555228261,2.581624905087332,5.092911218169283,4.077401520387003,2.2167487684729092
2026-02-01,140.1,143.9,159.6,118.6,149.3,126.3,142.4,137.5,141.9,135.1,152.7,152.1,125.2,3.0147058823529305,3.3022254127781814,3.5691109669045984,0.8503401360544283,4.551820728291323,0.15860428231562196,3.1884057971014457,2.3827252419955203,4.261572373254974,2.503793626707118,5.092911218169283,4.035567715458277,2.5389025389025432
